Workbook

Sheet Overview
A1: Brick Pellet Production Overview
A5: Variables | B5: Clay | C5: Treatment | D5: Treatment | E5: Ash | F5: Treatment | G5: Treatment | H5: Firing temp [C]
B6: Ys (#0250) | C6: Dried 6 days 50 C | D6: Crushed <500mum | E6: SSA-P1-Raw (#0262) | F6: Dried 1 day 105C | G6: Mill 10 sec | H6: 1020
B7: Rs (#0252) | C7: Dried 6 days 50 C | D7: Crushed <500mum | E7: SSA-P1-ED (Pilot-8) | F7: Dried 1 day 105C | G7: Mill 10 sec | H7: 1030
C8: Dried 6 days 50 C | D8: Crushed <500mum | E8: SSA-P2-Raw (#0263) | F8: Dried 1 day 105C | G8: Mill 10 sec | H8: 1050
C9: Dried 6 days 50 C | D9: Crushed <5mum | E9: SSA-P2-ED (Pilot-10) | F9: Dried 1 day 105C | G9: Mill 10 sec
E10: SSA-P2-A2P (#0179) | F10: Dried 1 day 105C | G10: Mill 10 sec
A12: Mix order
A13: 1 | B13: Name | C13: Name | D13: Clay | E13: SSA | F13: Ash Treatment | G13: Temp [C] | H13: Annotation
B14: =CONCATENATE(,D14,"-",E14,"-",G14,) -> Y-Ref-1020 | C14: =CONCATENATE(,D14,"-",E14) -> Y-Ref | D14: Y | E14: Ref | G14: 1020
B15: =CONCATENATE(,D15,"-",E15,"-",G15,) -> Y-Ref-1030 | C15: =CONCATENATE(,D15,"-",E15) -> Y-Ref | D15: Y | E15: Ref | G15: 1030
B16: =CONCATENATE(,D16,"-",E16,"-",G16,) -> Y-Ref-1030 | C16: =CONCATENATE(,D16,"-",E16) -> Y-Ref | D16: Y | E16: Ref | G16: 1030
B17: =CONCATENATE(,D17,"-",E17,"-",F17,"-",G17,) -> Y-P1-Raw-1020 | C17: =CONCATENATE(,D17,"-",E17,"-",F17,) -> Y-P1-Raw | D17: Y | E17: P1 | F17: Raw | G17: =H$6 -> 1020
B18: =CONCATENATE(,D18,"-",E18,"-",F18,"-",G18,) -> Y-P1-Raw-1030 | C18: =CONCATENATE(,D18,"-",E18,"-",F18,) -> Y-P1-Raw | D18: Y | E18: P1 | F18: Raw | G18: =H$7 -> 1030
B19: =CONCATENATE(,D19,"-",E19,"-",F19,"-",G19,) -> Y-P1-Raw-1050 | C19: =CONCATENATE(,D19,"-",E19,"-",F19,) -> Y-P1-Raw | D19: Y | E19: P1 | F19: Raw | G19: =H$8 -> 1050
B20: =CONCATENATE(,D20,"-",E20,"-",F20,"-",G20,) -> Y-P1-ED-1020 | C20: =CONCATENATE(,D20,"-",E20,"-",F20,) -> Y-P1-ED | D20: Y | E20: P1 | F20: ED | G20: =H$6 -> 1020
B21: =CONCATENATE(,D21,"-",E21,"-",F21,"-",G21,) -> Y-P1-ED-1030 | C21: =CONCATENATE(,D21,"-",E21,"-",F21,) -> Y-P1-ED | D21: Y | E21: P1 | F21: ED | G21: =H$7 -> 1030
B22: =CONCATENATE(,D22,"-",E22,"-",F22,"-",G22,) -> Y-P1-ED-1050 | C22: =CONCATENATE(,D22,"-",E22,"-",F22,) -> Y-P1-ED | D22: Y | E22: P1 | F22: ED | G22: =H$8 -> 1050
B23: =CONCATENATE(,D23,"-",E23,"-",F23,"-",G23,) -> Y-P2-Raw-1020 | C23: =CONCATENATE(,D23,"-",E23,"-",F23,) -> Y-P2-Raw | D23: Y | E23: P2 | F23: Raw | G23: =H$6 -> 1020
B24: =CONCATENATE(,D24,"-",E24,"-",F24,"-",G24,) -> Y-P2-Raw-1030 | C24: =CONCATENATE(,D24,"-",E24,"-",F24,) -> Y-P2-Raw | D24: Y | E24: P2 | F24: Raw | G24: =H$7 -> 1030
B25: =CONCATENATE(,D25,"-",E25,"-",F25,"-",G25,) -> Y-P2-Raw-1050 | C25: =CONCATENATE(,D25,"-",E25,"-",F25,) -> Y-P2-Raw | D25: Y | E25: P2 | F25: Raw | G25: =H$8 -> 1050
B26: =CONCATENATE(,D26,"-",E26,"-",F26,"-",G26,) -> Y-P2-ED-1020 | C26: =CONCATENATE(,D26,"-",E26,"-",F26,) -> Y-P2-ED | D26: Y | E26: P2 | F26: ED | G26: =H$6 -> 1020
B27: =CONCATENATE(,D27,"-",E27,"-",F27,"-",G27,) -> Y-P2-ED-1030 | C27: =CONCATENATE(,D27,"-",E27,"-",F27,) -> Y-P2-ED | D27: Y | E27: P2 | F27: ED | G27: =H$7 -> 1030
B28: =CONCATENATE(,D28,"-",E28,"-",F28,"-",G28,) -> Y-P2-ED-1050 | C28: =CONCATENATE(,D28,"-",E28,"-",F28,) -> Y-P2-ED | D28: Y | E28: P2 | F28: ED | G28: =H$8 -> 1050
B29: =CONCATENATE(,D29,"-",E29,"-",F29,"-",G29,) -> Y-P2-A2P-1020 | C29: =CONCATENATE(,D29,"-",E29,"-",F29,) -> Y-P2-A2P | D29: Y | E29: P2 | F29: A2P | G29: =H$6 -> 1020
B30: =CONCATENATE(,D30,"-",E30,"-",F30,"-",G30,) -> Y-P2-A2P-1030 | C30: =CONCATENATE(,D30,"-",E30,"-",F30,) -> Y-P2-A2P | D30: Y | E30: P2 | F30: A2P | G30: =H$7 -> 1030
B31: =CONCATENATE(,D31,"-",E31,"-",F31,"-",G31,) -> Y-P2-A2P-1050 | C31: =CONCATENATE(,D31,"-",E31,"-",F31,) -> Y-P2-A2P | D31: Y | E31: P2 | F31: A2P | G31: =H$8 -> 1050
B32: =CONCATENATE(,D32,"-",E32,"-",G32,) -> R-Ref-1020 | C32: =CONCATENATE(,D32,"-",E32) -> R-Ref | D32: R | E32: Ref | G32: 1020
B33: =CONCATENATE(,D33,"-",E33,"-",G33,) -> R-Ref-1030 | C33: =CONCATENATE(,D33,"-",E33) -> R-Ref | D33: R | E33: Ref | G33: 1030
B34: =CONCATENATE(,D34,"-",E34,"-",G34,) -> R-Ref-1030 | C34: =CONCATENATE(,D34,"-",E34) -> R-Ref | D34: R | E34: Ref | G34: 1030
B35: =CONCATENATE(,D35,"-",E35,"-",F35,"-",G35,) -> R-P1-Raw-1020 | C35: =CONCATENATE(,D35,"-",E35,"-",F35,) -> R-P1-Raw | D35: R | E35: P1 | F35: Raw | G35: =H$6 -> 1020
B36: =CONCATENATE(,D36,"-",E36,"-",F36,"-",G36,) -> R-P1-Raw-1030 | C36: =CONCATENATE(,D36,"-",E36,"-",F36,) -> R-P1-Raw | D36: R | E36: P1 | F36: Raw | G36: =H$7 -> 1030
B37: =CONCATENATE(,D37,"-",E37,"-",F37,"-",G37,) -> R-P1-Raw-1050 | C37: =CONCATENATE(,D37,"-",E37,"-",F37,) -> R-P1-Raw | D37: R | E37: P1 | F37: Raw | G37: =H$8 -> 1050
B38: =CONCATENATE(,D38,"-",E38,"-",F38,"-",G38,) -> R-P1-ED-1020 | C38: =CONCATENATE(,D38,"-",E38,"-",F38,) -> R-P1-ED | D38: R | E38: P1 | F38: ED | G38: =H$6 -> 1020
B39: =CONCATENATE(,D39,"-",E39,"-",F39,"-",G39,) -> R-P1-ED-1030 | C39: =CONCATENATE(,D39,"-",E39,"-",F39,) -> R-P1-ED | D39: R | E39: P1 | F39: ED | G39: =H$7 -> 1030
B40: =CONCATENATE(,D40,"-",E40,"-",F40,"-",G40,) -> R-P1-ED-1050 | C40: =CONCATENATE(,D40,"-",E40,"-",F40,) -> R-P1-ED | D40: R | E40: P1 | F40: ED | G40: =H$8 -> 1050
B41: =CONCATENATE(,D41,"-",E41,"-",F41,"-",G41,) -> R-P2-Raw-1020 | C41: =CONCATENATE(,D41,"-",E41,"-",F41,) -> R-P2-Raw | D41: R | E41: P2 | F41: Raw | G41: =H$6 -> 1020
B42: =CONCATENATE(,D42,"-",E42,"-",F42,"-",G42,) -> R-P2-Raw-1030 | C42: =CONCATENATE(,D42,"-",E42,"-",F42,) -> R-P2-Raw | D42: R | E42: P2 | F42: Raw | G42: =H$7 -> 1030
B43: =CONCATENATE(,D43,"-",E43,"-",F43,"-",G43,) -> R-P2-Raw-1050 | C43: =CONCATENATE(,D43,"-",E43,"-",F43,) -> R-P2-Raw | D43: R | E43: P2 | F43: Raw | G43: =H$8 -> 1050
B44: =CONCATENATE(,D44,"-",E44,"-",F44,"-",G44,) -> R-P2-ED-1020 | C44: =CONCATENATE(,D44,"-",E44,"-",F44,) -> R-P2-ED | D44: R | E44: P2 | F44: ED | G44: =H$6 -> 1020
B45: =CONCATENATE(,D45,"-",E45,"-",F45,"-",G45,) -> R-P2-ED-1030 | C45: =CONCATENATE(,D45,"-",E45,"-",F45,) -> R-P2-ED | D45: R | E45: P2 | F45: ED | G45: =H$7 -> 1030
B46: =CONCATENATE(,D46,"-",E46,"-",F46,"-",G46,) -> R-P2-ED-1050 | C46: =CONCATENATE(,D46,"-",E46,"-",F46,) -> R-P2-ED | D46: R | E46: P2 | F46: ED | G46: =H$8 -> 1050
B47: =CONCATENATE(,D47,"-",E47,"-",F47,"-",G47,) -> R-P2-A2P-1020 | C47: =CONCATENATE(,D47,"-",E47,"-",F47,) -> R-P2-A2P | D47: R | E47: P2 | F47: A2P | G47: =H$6 -> 1020
B48: =CONCATENATE(,D48,"-",E48,"-",F48,"-",G48,) -> R-P2-A2P-1030 | C48: =CONCATENATE(,D48,"-",E48,"-",F48,) -> R-P2-A2P | D48: R | E48: P2 | F48: A2P | G48: =H$7 -> 1030
B49: =CONCATENATE(,D49,"-",E49,"-",F49,"-",G49,) -> R-P2-A2P-1050 | C49: =CONCATENATE(,D49,"-",E49,"-",F49,) -> R-P2-A2P | D49: R | E49: P2 | F49: A2P | G49: =H$8 -> 1050

Sheet Mixing
A1: Teglpille blandeopskrift
A3: sample name:
A4: Date:
A5: Made by:
A7: Mængde til fremstilling af en omgang teglpiller a 7 stk
A9: Lynetten | B9: Ly
A10: Avedøre | B10: Av
A11: Elektrodialyse | B11: ED
A12: Ash to Phos | B12: A2P
A14: Production of one batch including 7 discs, 4 g each
C15: Replacement | D15: Clay (g) (dry) | E15: Ash (g) (dry) | F15: Water (g) | G15: Water %
B16: Ref | C16: 0 | D16: 25 | E16: 0 | F16: 6.25 | G16: 20
B17: With ash | C17: 0.3 | D17: 17.5 | E17: 7.5 | F17: 6,25-7,5 | G17: 20-23
A19: Production method, one batch including 7 discs, 4 g each
A20: Mixing
A21: Step 1 | B21: Ad clay to a bowl
A22: Step 2 | B22: Weigh ash on paper and ad to the bowl
A23: Step 3 | B23: Mix ash and clay
A24: Step 4 | B24: Ad demineralized water with a pipette,little at the time, and stir. Ad approx 20-23 %
A25: Step 5 | B25: Mend together with gloved hands, role up and let sit in a sealed bowl for 24 h
A27: Forming
A28: Step 1 | B28: Devide mass in to seven, 4 g each
A29: Step 2 | B29: Place a specimen in steel the die with paper at the bottom and top (for easy release)
A30: Step 3 | B30: Lift the stamp to the top, and let it drop 10 times over the specimen
A31: Step 4 | B31: Release from steel die and weigh
A32: Step 5 | B32: Place in oven, 105 C for 24 h
A34: Forming
A35: Step 1 | B35: Weigh and measure diameter and height
A36: Step 2 | B36: Place in firing oven on designated ceramic plate
A37: Step 3 | B37: Fire at one of three temperatures
A38: Step 4 | B38: Weigh and measure diameter and height
A41: Yellow Clay with Sand 1020 °C | J41: Yellow Clay with Sand 1030 °C | S41: Yellow Clay with Sand 1050 °C
A42: Mix | C42: erstatning | D42: Ler (g) | E42: Aske (g) | F42: Vand (g) | G42: tilsat i alt | H42: Water content % | J42: Pr gang | L42: erstatning | M42: Ler (g) | N42: Aske (g) | O42: Vand (g) | P42: tilsat i alt | Q42: Water content % | S42: Pr gang | U42: erstatning | V42: Ler (g) | W42: Aske (g) | X42: Vand (g) | Y42: tilsat i alt | Z42: Water content %
A43: #4 | B43: Ref | C43: 0 | D43: 25 | E43: 0 | F43: 6.26 | G43: =SUM(F43:F43) -> 6.26 | H43: =G43/(G43+E43+D43)*100 -> 20.025592 | J43: #5 | K43: Ref | L43: 0 | M43: 25 | N43: 0 | O43: 6.28 | P43: =SUM(O43:O43) -> 6.28 | Q43: =P43/(P43+N43+M43)*100 -> 20.076726 | S43: #6 | T43: Ref | U43: 0 | V43: 25 | W43: 0 | X43: 6.44 | Y43: =SUM(X43:X43) -> 6.44 | Z43: =Y43/(Y43+W43+V43)*100 -> 20.483461
A44: #1 | B44: SSA-Av | C44: Raw | D44: 17.5 | E44: 7.5 | F44: 6.68 | G44: =SUM(F44:F44) -> 6.68 | H44: =G44/(G44+E44+D44)*100 -> 21.085859 | J44: #2 | K44: SSA-Av | L44: Raw | M44: 17.5 | N44: 7.5 | O44: 7.53 | P44: =SUM(O44:O44) -> 7.53 | Q44: =P44/(P44+N44+M44)*100 -> 23.147864 | S44: #3 | T44: SSA-Av | U44: Raw | V44: 17.5 | W44: 7.5 | X44: 6.77 | Y44: =SUM(X44:X44) -> 6.77 | Z44: =Y44/(Y44+W44+V44)*100 -> 21.309411
A45: #1 | C45: ED | D45: 17.5 | E45: 7.5 | F45: 7.02 | G45: =SUM(F45:F45) -> 7.02 | H45: =G45/(G45+E45+D45)*100 -> 21.923798 | J45: #2 | L45: ED | M45: 17.5 | N45: 7.5 | O45: 7.25 | P45: =SUM(O45:O45) -> 7.25 | Q45: =P45/(P45+N45+M45)*100 -> 22.48062 | S45: #3 | U45: ED | V45: 17.5 | W45: 7.5 | X45: 6.75 | Y45: =SUM(X45:X45) -> 6.75 | Z45: =Y45/(Y45+W45+V45)*100 -> 21.259843
A46: #7 | B46: SSA-Ly | C46: Raw | D46: 17.5 | E46: 7.5 | F46: 6.66 | G46: =SUM(F46:F46) -> 6.66 | H46: =G46/(G46+E46+D46)*100 -> 21.036008 | J46: #8 | K46: SSA-Ly | L46: Raw | M46: 17.5 | N46: 7.5 | O46: 6.66 | P46: =SUM(O46:O46) -> 6.66 | Q46: =P46/(P46+N46+M46)*100 -> 21.036008 | S46: #9 | T46: SSA-Ly | U46: Raw | V46: 17.5 | W46: 7.5 | X46: 6.68 | Y46: =SUM(X46:X46) -> 6.68 | Z46: =Y46/(Y46+W46+V46)*100 -> 21.085859
A47: #7 | C47: ED | D47: 17.5 | E47: 7.5 | F47: 6.97 | G47: =SUM(F47:F47) -> 6.97 | H47: =G47/(G47+E47+D47)*100 -> 21.801689 | J47: #8 | L47: ED | M47: 17.5 | N47: 7.5 | O47: 7.08 | P47: =SUM(O47:O47) -> 7.08 | Q47: =P47/(P47+N47+M47)*100 -> 22.069825 | S47: #9 | U47: ED | V47: 17.5 | W47: 7.5 | X47: 7.01 | Y47: =SUM(X47:X47) -> 7.01 | Z47: =Y47/(Y47+W47+V47)*100 -> 21.899406
A48: #4 | B48: SSA | C48: A2P | D48: 17.5 | E48: 7.5 | F48: 7.64 | G48: =SUM(F48:F48) -> 7.64 | H48: =G48/(G48+E48+D48)*100 -> 23.406863 | J48: #5 | K48: SSA | L48: A2P | M48: 17.5 | N48: 7.5 | O48: 7.42 | P48: =SUM(O48:O48) -> 7.42 | Q48: =P48/(P48+N48+M48)*100 -> 22.887107 | S48: #6 | T48: SSA | U48: A2P | V48: 17.5 | W48: 7.5 | X48: 7.11 | Y48: =SUM(X48:X48) -> 7.11 | Z48: =Y48/(Y48+W48+V48)*100 -> 22.142635
A51: Red Clay with Sand 1020 °C | J51: Red Clay with Sand 1030 °C | S51: Red Clay with Sand 1050 °C
A52: Pr gang | C52: erstatning | D52: Ler (g) | E52: Aske (g) | F52: Vand (g) | G52: tilsat i alt | H52: Water content % | J52: Pr gang | L52: erstatning | M52: Ler (g) | N52: Aske (g) | O52: Vand (g) | P52: tilsat i alt | Q52: Water content % | S52: Pr gang | U52: erstatning | V52: Ler (g) | W52: Aske (g) | X52: Vand (g) | Y52: tilsat i alt | Z52: Water content %
A53: #4 | B53: Ref | C53: 0 | D53: 25 | E53: 0 | F53: 6.26 | G53: =SUM(F53:F53) -> 6.26 | H53: =G53/(G53+E53+D53)*100 -> 20.025592 | J53: #5 | K53: Ref | L53: 0 | M53: 25 | N53: 0 | O53: 6.26 | P53: =SUM(O53:O53) -> 6.26 | Q53: =P53/(P53+N53+M53)*100 -> 20.025592 | S53: #6 | T53: Ref | U53: 0 | V53: 25 | W53: 0 | X53: 6.47 | Y53: =SUM(X53:X53) -> 6.47 | Z53: =Y53/(Y53+W53+V53)*100 -> 20.559263
A54: #1 | B54: SSA-Av | C54: Raw | D54: 17.5 | E54: 7.5 | F54: 6.43 | G54: =SUM(F54:F54) -> 6.43 | H54: =G54/(G54+E54+D54)*100 -> 20.458161 | J54: #2 | K54: SSA-Av | L54: Raw | M54: 17.5 | N54: 7.5 | O54: 7.05 | P54: =SUM(O54:O54) -> 7.05 | Q54: =P54/(P54+N54+M54)*100 -> 21.99688 | S54: #3 | T54: SSA-Av | U54: Raw | V54: 17.5 | W54: 7.5 | X54: 6.78 | Y54: =SUM(X54:X54) -> 6.78 | Z54: =Y54/(Y54+W54+V54)*100 -> 21.334172
A55: #1 | C55: ED | D55: 17.5 | E55: 7.5 | F55: 7.31 | G55: =SUM(F55:F55) -> 7.31 | H55: =G55/(G55+E55+D55)*100 -> 22.624574 | J55: #2 | L55: ED | M55: 17.5 | N55: 7.5 | O55: 7.13 | P55: =SUM(O55:O55) -> 7.13 | Q55: =P55/(P55+N55+M55)*100 -> 22.191099 | S55: #3 | U55: ED | V55: 17.5 | W55: 7.5 | X55: 6.69 | Y55: =SUM(X55:X55) -> 6.69 | Z55: =Y55/(Y55+W55+V55)*100 -> 21.11076
A56: #7 | B56: SSA-Ly | C56: Raw | D56: 17.5 | E56: 7.5 | F56: 6.98 | G56: =SUM(F56:F56) -> 6.98 | H56: =G56/(G56+E56+D56)*100 -> 21.826141 | J56: #8 | K56: SSA-Ly | L56: Raw | M56: 17.5 | N56: 7.5 | O56: 6.68 | P56: =SUM(O56:O56) -> 6.68 | Q56: =P56/(P56+N56+M56)*100 -> 21.085859 | S56: #9 | T56: SSA-Ly | U56: Raw | V56: 17.5 | W56: 7.5 | X56: 6.68 | Y56: =SUM(X56:X56) -> 6.68 | Z56: =Y56/(Y56+W56+V56)*100 -> 21.085859
A57: #7 | C57: ED | D57: 17.5 | E57: 7.5 | F57: 6.97 | G57: =SUM(F57:F57) -> 6.97 | H57: =G57/(G57+E57+D57)*100 -> 21.801689 | J57: #8 | L57: ED | M57: 17.5 | N57: 7.5 | O57: 6.76 | P57: =SUM(O57:O57) -> 6.76 | Q57: =P57/(P57+N57+M57)*100 -> 21.284635 | S57: #9 | U57: ED | V57: 17.5 | W57: 7.5 | X57: 6.86 | Y57: =SUM(X57:X57) -> 6.86 | Z57: =Y57/(Y57+W57+V57)*100 -> 21.531701
A58: #4 | B58: SSA | C58: A2P | D58: 17.5 | E58: 7.5 | F58: 7.5 | G58: =SUM(F58:F58) -> 7.5 | H58: =G58/(G58+E58+D58)*100 -> 23.076923 | J58: #5 | K58: SSA | L58: A2P | M58: 17.5 | N58: 7.5 | O58: 7.51 | P58: =SUM(O58:O58) -> 7.51 | Q58: =P58/(P58+N58+M58)*100 -> 23.100584 | S58: #6 | T58: SSA | U58: A2P | V58: 17.5 | W58: 7.5 | X58: 7.53 | Y58: =SUM(X58:X58) -> 7.53 | Z58: =Y58/(Y58+W58+V58)*100 -> 23.147864
A61: Total amount of ash and clay
A62: Yellow clay with sand | B62: =SUM(D43:D48)+SUM(M43:M49)+SUM(V43:V49) -> 337.5 | C62: g
A63: Red clay with sand | B63: =SUM(D53:D59)+SUM(M53:M59)+SUM(V53:V59) -> 337.5 | C63: g
A65: SSA-Av-Raw | B65: =E44+N44+W44+E54+N54+W54 -> 45 | C65: g
A66: SSA-Av-ED | B66: =E45+N45+W45+E55+N55+W55 -> 45 | C66: g | J66: =15*0.3 -> 4.5
A67: SSA-Ly-Raw | B67: =E48+N46+W46+E56+N56+W56 -> 45 | C67: g
A68: SSA-Ly-ED | B68: =E46+N47+W47+E57+N57+W57 -> 45 | C68: g
A69: SSA-A2P | B69: =E47+N48+W48+E58+N58+W58 -> 45 | C69: g
A71: Total amount of water | B71: =SUM(G43:G48,G53:G58,P43:P48,P53:P58,Y43:Y48,Y53:Y58) -> 248.06 | C71: g
B72: =MIN(G43:G48,G53:G58,P43:P48,P53:P58,Y43:Y48,Y53:Y58) -> 6.26 | C72: =MIN(H43:H48,H53:H58,Q43:Q48,Q53:Q58,Z43:Z48,Z53:Z58) -> 20.025592
B73: =MAX(G43:G48,G53:G58,P43:P48,P53:P58,Y43:Y48,Y53:Y58) -> 7.64 | C73: =MAX(H43:H48,H53:H58,Q43:Q48,Q53:Q58,Z43:Z48,Z53:Z58) -> 23.406863

Sheet Water and Burning
A1: Vandindhold og brænding ved 950-1000-1050°C
A3: sample name: | B3: =[1]Mixing!B3 -> 0
A4: Date:
A5: Made by:
A7: 1020 °C | B7: Ref (#4) | H7: A2P (#4)
B8: Prøve | C8: (g) våd | D8: (g) efter 105° | E8: %vandindhold | F8: (g) efter 1020°C | G8: % tab efter 1020 | H8: (g) våd | I8: (g) efter 105° | J8: %vandindhold | K8: (g) efter 1020°C | L8: % tab efter 1020
A9: #0250 | B9: A | C9: 3.8198 | D9: 3.1243 | E9: =((C9-D9)/C9)*100 -> 18.20776 | F9: 2.8395 | G9: =((D9-F9)/D9)*100 -> 9.1156419 | H9: 4.0456 | I9: 3.1456 | J9: =((H9-I9)/H9)*100 -> 22.246391 | K9: 2.9269 | L9: =((I9-K9)/I9)*100 -> 6.9525687
B10: B | C10: 3.9058 | D10: 3.189 | E10: =((C10-D10)/C10)*100 -> 18.352194 | F10: 2.9006 | G10: =((D10-F10)/D10)*100 -> 9.0435873 | H10: 3.9854 | I10: 3.088 | J10: =((H10-I10)/H10)*100 -> 22.517188 | K10: 2.873 | L10: =((I10-K10)/I10)*100 -> 6.9624352
B11: C | C11: 3.8626 | D11: 3.1487 | E11: =((C11-D11)/C11)*100 -> 18.482369 | F11: 2.8621 | G11: =((D11-F11)/D11)*100 -> 9.1021691 | H11: 4.0432 | I11: 3.1254 | J11: =((H11-I11)/H11)*100 -> 22.699842 | K11: 2.9072 | L11: =((I11-K11)/I11)*100 -> 6.9815064
B12: D | C12: 3.9077 | D12: 3.1861 | E12: =((C12-D12)/C12)*100 -> 18.466105 | F12: 2.8963 | G12: =((D12-F12)/D12)*100 -> 9.0957597 | H12: 3.89 | I12: 3.0072 | J12: =((H12-I12)/H12)*100 -> 22.694087 | K12: 2.7992 | L12: =((I12-K12)/I12)*100 -> 6.9167332
B13: E | C13: 3.893 | D13: 3.1643 | E13: =((C13-D13)/C13)*100 -> 18.718212 | F13: 2.8745 | G13: =((D13-F13)/D13)*100 -> 9.1584237 | H13: 3.9528 | I13: 3.0662 | J13: =((H13-I13)/H13)*100 -> 22.42967 | K13: 2.8546 | L13: =((I13-K13)/I13)*100 -> 6.9010502
B14: F | C14: 3.8718 | D14: 3.1498 | E14: =((C14-D14)/C14)*100 -> 18.647657 | F14: 2.863 | G14: =((D14-F14)/D14)*100 -> 9.10534 | H14: 3.922 | I14: 3.0377 | J14: =((H14-I14)/H14)*100 -> 22.54717 | K14: 2.8276 | L14: =((I14-K14)/I14)*100 -> 6.916417
B15: G | C15: 3.9459 | D15: 3.2257 | E15: =((C15-D15)/C15)*100 -> 18.251856 | F15: 2.9276 | G15: =((D15-F15)/D15)*100 -> 9.241405 | H15: 4.0466 | I15: 3.1479 | J15: =((H15-I15)/H15)*100 -> 22.208768 | K15: 2.9283 | L15: =((I15-K15)/I15)*100 -> 6.9760793
A16: #0252 | B16: A | C16: 3.9677 | D16: 3.2176 | E16: =((C16-D16)/C16)*100 -> 18.905159 | F16: 3.0929 | G16: =((D16-F16)/D16)*100 -> 3.8755594 | H16: 4.0863 | I16: 3.1687 | J16: =((H16-I16)/H16)*100 -> 22.455522 | K16: 3.0628 | L16: =((I16-K16)/I16)*100 -> 3.3420646
B17: B | C17: 3.9606 | D17: 3.1966 | E17: =((C17-D17)/C17)*100 -> 19.290007 | F17: 3.0729 | G17: =((D17-F17)/D17)*100 -> 3.8697366 | H17: 3.9847 | I17: 3.0746 | J17: =((H17-I17)/H17)*100 -> 22.839862 | K17: 2.9725 | L17: =((I17-K17)/I17)*100 -> 3.3207572
B18: C | C18: 4.0371 | D18: 3.2625 | E18: =((C18-D18)/C18)*100 -> 19.18704 | F18: 3.1374 | G18: =((D18-F18)/D18)*100 -> 3.8344828 | H18: 3.9867 | I18: 3.0866 | J18: =((H18-I18)/H18)*100 -> 22.57757 | K18: 2.9845 | L18: =((I18-K18)/I18)*100 -> 3.3078468
B19: D | C19: 3.9425 | D19: 3.1817 | E19: =((C19-D19)/C19)*100 -> 19.2974 | F19: 3.0598 | G19: =((D19-F19)/D19)*100 -> 3.8312852 | H19: 3.9644 | I19: 3.0696 | J19: =((H19-I19)/H19)*100 -> 22.570881 | K19: 2.968 | L19: =((I19-K19)/I19)*100 -> 3.3098775
B20: E | C20: 3.807 | D20: 3.0807 | E20: =((C20-D20)/C20)*100 -> 19.078014 | F20: 2.9622 | G20: =((D20-F20)/D20)*100 -> 3.8465284 | H20: 3.9918 | I20: 3.0919 | J20: =((H20-I20)/H20)*100 -> 22.543715 | K20: 2.9886 | L20: =((I20-K20)/I20)*100 -> 3.3409877
B21: F | C21: 3.8374 | D21: 3.1029 | E21: =((C21-D21)/C21)*100 -> 19.140564 | F21: 2.9829 | G21: =((D21-F21)/D21)*100 -> 3.8673499 | H21: 4.006 | I21: 3.1032 | J21: =((H21-I21)/H21)*100 -> 22.536196 | K21: 2.999 | L21: =((I21-K21)/I21)*100 -> 3.3578242
B22: G | C22: 3.8029 | D22: 3.0773 | E22: =((C22-D22)/C22)*100 -> 19.080176 | F22: 2.9574 | G22: =((D22-F22)/D22)*100 -> 3.8962727 | H22: 4.0142 | I22: 3.1155 | J22: =((H22-I22)/H22)*100 -> 22.388023 | K22: 3.0111 | L22: =((I22-K22)/I22)*100 -> 3.350987
A23: 1030 °C | B23: Ref (#5) | H23: A2P (#5)
B24: Prøve | C24: (g) våd | D24: (g) efter 105° | E24: %vandindhold | F24: (g) efter 1030°C | G24: % tab efter 1030 | H24: (g) våd | I24: (g) efter 105° | J24: %vandindhold | K24: (g) efter 1030°C | L24: % tab efter 1030
A25: #0250 | B25: A | C25: 3.8086 | D25: 3.1505 | E25: =((C25-D25)/C25)*100 -> 17.279315 | F25: 2.8712 | G25: =((D25-F25)/D25)*100 -> 8.8652595 | H25: 3.936 | I25: 3.0839 | J25: =((H25-I25)/H25)*100 -> 21.648882 | K25: 2.8712 | L25: =((I25-K25)/I25)*100 -> 6.8971108
B26: B | C26: 3.8583 | D26: 3.1633 | E26: =((C26-D26)/C26)*100 -> 18.013115 | F26: 2.8812 | G26: =((D26-F26)/D26)*100 -> 8.9179022 | H26: 4.0057 | I26: 3.1267 | J26: =((H26-I26)/H26)*100 -> 21.94373 | K26: 2.9086 | L26: =((I26-K26)/I26)*100 -> 6.9754054
B27: C | C27: 3.7949 | D27: 3.1004 | E27: =((C27-D27)/C27)*100 -> 18.300877 | F27: 2.8211 | G27: =((D27-F27)/D27)*100 -> 9.008515 | H27: 3.9571 | I27: 3.0906 | J27: =((H27-I27)/H27)*100 -> 21.897349 | K27: 2.876 | L27: =((I27-K27)/I27)*100 -> 6.9436355
B28: D | C28: 3.838 | D28: 3.1338 | E28: =((C28-D28)/C28)*100 -> 18.348098 | F28: 2.8573 | G28: =((D28-F28)/D28)*100 -> 8.823154 | H28: 3.8779 | I28: 3.0246 | J28: =((H28-I28)/H28)*100 -> 22.004178 | K28: 2.815 | L28: =((I28-K28)/I28)*100 -> 6.929842
B29: E | C29: 3.7719 | D29: 3.071 | E29: =((C29-D29)/C29)*100 -> 18.582147 | F29: 2.7966 | G29: =((D29-F29)/D29)*100 -> 8.9352003 | H29: 3.9741 | I29: 3.1084 | J29: =((H29-I29)/H29)*100 -> 21.783548 | K29: 2.8938 | L29: =((I29-K29)/I29)*100 -> 6.9038734
B30: F | C30: 3.8303 | D30: 3.1318 | E30: =((C30-D30)/C30)*100 -> 18.236169 | F30: 2.8513 | G30: =((D30-F30)/D30)*100 -> 8.9565106 | H30: 3.9526 | I30: 3.101 | J30: =((H30-I30)/H30)*100 -> 21.545312 | K30: 2.8861 | L30: =((I30-K30)/I30)*100 -> 6.9300226
B31: G | C31: 3.7817 | D31: 3.1011 | E31: =((C31-D31)/C31)*100 -> 17.997197 | F31: 2.8238 | G31: =((D31-F31)/D31)*100 -> 8.9419883 | H31: 3.9739 | I31: 3.1045 | J31: =((H31-I31)/H31)*100 -> 21.877752 | K31: 2.8863 | L31: =((I31-K31)/I31)*100 -> 7.028507
A32: #0252 | B32: A | C32: 3.9991 | D32: 3.2509 | E32: =((C32-D32)/C32)*100 -> 18.70921 | F32: 3.1271 | G32: =((D32-F32)/D32)*100 -> 3.8081762 | H32: 4.0272 | I32: 3.1263 | J32: =((H32-I32)/H32)*100 -> 22.370381 | K32: 3.0253 | L32: =((I32-K32)/I32)*100 -> 3.230656
B33: B | C33: 4.015 | D33: 3.2549 | E33: =((C33-D33)/C33)*100 -> 18.931507 | F33: 3.132 | G33: =((D33-F33)/D33)*100 -> 3.7758456 | H33: 4.0278 | I33: 3.1455 | J33: =((H33-I33)/H33)*100 -> 21.905258 | K33: 3.0424 | L33: =((I33-K33)/I33)*100 -> 3.2776983
B34: C | C34: 3.9018 | D34: 3.1642 | E34: =((C34-D34)/C34)*100 -> 18.904096 | F34: 3.0439 | G34: =((D34-F34)/D34)*100 -> 3.8019089 | H34: 4.0653 | I34: 3.1691 | J34: =((H34-I34)/H34)*100 -> 22.045114 | K34: 3.0663 | L34: =((I34-K34)/I34)*100 -> 3.2438232
B35: D | C35: 3.9395 | D35: 3.1942 | E35: =((C35-D35)/C35)*100 -> 18.918644 | F35: 3.0725 | G35: =((D35-F35)/D35)*100 -> 3.8100307 | H35: 3.971 | I35: 3.0835 | J35: =((H35-I35)/H35)*100 -> 22.349534 | K35: 2.9832 | L35: =((I35-K35)/I35)*100 -> 3.2527971
B36: E | C36: 3.8799 | D36: 3.1495 | E36: =((C36-D36)/C36)*100 -> 18.825227 | F36: 3.0296 | G36: =((D36-F36)/D36)*100 -> 3.8069535 | H36: 4.0709 | I36: 3.1708 | J36: =((H36-I36)/H36)*100 -> 22.11059 | K36: 3.0681 | L36: =((I36-K36)/I36)*100 -> 3.2389302
B37: F | C37: 3.9103 | D37: 3.162 | E37: =((C37-D37)/C37)*100 -> 19.136639 | F37: 3.0404 | G37: =((D37-F37)/D37)*100 -> 3.8456673 | H37: 3.9191 | I37: 3.0464 | J37: =((H37-I37)/H37)*100 -> 22.267868 | K37: 2.9472 | L37: =((I37-K37)/I37)*100 -> 3.2563025
B38: G | C38: 3.8557 | D38: 3.137 | E38: =((C38-D38)/C38)*100 -> 18.639936 | F38: 3.0166 | G38: =((D38-F38)/D38)*100 -> 3.8380618 | H38: 4.0433 | I38: 3.1534 | J38: =((H38-I38)/H38)*100 -> 22.00925 | K38: 3.0496 | L38: =((I38-K38)/I38)*100 -> 3.2916852
A39: 1050 °C | B39: Ref (#6) | H39: A2P (#6)
B40: Prøve | C40: (g) våd | D40: (g) efter 105° | E40: %vandindhold | F40: (g) efter 1050°C | G40: % tab efter 1050 | H40: (g) våd | I40: (g) efter 105° | J40: %vandindhold | K40: (g) efter 1050°C | L40: % tab efter 1050
A41: #0250 | B41: A | C41: 3.8888 | D41: 3.1249 | E41: =((C41-D41)/C41)*100 -> 19.643592 | F41: 2.8365 | G41: =((D41-F41)/D41)*100 -> 9.2290953 | H41: 3.992 | I41: 3.1211 | J41: =((H41-I41)/H41)*100 -> 21.816132 | K41: 2.8972 | L41: =((I41-K41)/I41)*100 -> 7.1737528
B42: B | C42: 3.8447 | D42: 3.0877 | E42: =((C42-D42)/C42)*100 -> 19.689443 | F42: 2.8013 | G42: =((D42-F42)/D42)*100 -> 9.2755125 | H42: 3.9755 | I42: 3.1085 | J42: =((H42-I42)/H42)*100 -> 21.808578 | K42: 2.8851 | L42: =((I42-K42)/I42)*100 -> 7.186746
B43: C | C43: 3.976 | D43: 3.1806 | E43: =((C43-D43)/C43)*100 -> 20.00503 | F43: 2.8843 | G43: =((D43-F43)/D43)*100 -> 9.3158524 | H43: 4.0964 | I43: 3.2178 | J43: =((H43-I43)/H43)*100 -> 21.448101 | K43: 2.986 | L43: =((I43-K43)/I43)*100 -> 7.2036795
B44: D | C44: 3.9753 | D44: 3.1966 | E44: =((C44-D44)/C44)*100 -> 19.588459 | F44: 2.9006 | G44: =((D44-F44)/D44)*100 -> 9.2598386 | H44: 4.0357 | I44: 3.1711 | J44: =((H44-I44)/H44)*100 -> 21.423793 | K44: 2.9436 | L44: =((I44-K44)/I44)*100 -> 7.1741667
B45: E | C45: 3.8304 | D45: 3.0715 | E45: =((C45-D45)/C45)*100 -> 19.812552 | F45: 2.7851 | G45: =((D45-F45)/D45)*100 -> 9.3244343 | H45: 4.1116 | I45: 3.2218 | J45: =((H45-I45)/H45)*100 -> 21.64121 | K45: 2.9914 | L45: =((I45-K45)/I45)*100 -> 7.1512819
B46: F | C46: 3.877 | D46: 3.1163 | E46: =((C46-D46)/C46)*100 -> 19.620841 | F46: 2.8251 | G46: =((D46-F46)/D46)*100 -> 9.3444149 | H46: 4.0371 | I46: 3.1528 | J46: =((H46-I46)/H46)*100 -> 21.904337 | K46: 2.9275 | L46: =((I46-K46)/I46)*100 -> 7.1460289
B47: G | C47: 3.9271 | D47: 3.1594 | E47: =((C47-D47)/C47)*100 -> 19.548776 | F47: 2.8663 | G47: =((D47-F47)/D47)*100 -> 9.2770779 | H47: 4.013 | I47: 3.1565 | J47: =((H47-I47)/H47)*100 -> 21.343135 | K47: 2.9302 | L47: =((I47-K47)/I47)*100 -> 7.1693331
A48: #0252 | B48: A | C48: 3.9296 | D48: 3.1545 | E48: =((C48-D48)/C48)*100 -> 19.724654 | F48: 3.0356 | G48: =((D48-F48)/D48)*100 -> 3.7692186 | H48: 3.9128 | I48: 3.0289 | J48: =((H48-I48)/H48)*100 -> 22.589961 | K48: 2.9304 | L48: =((I48-K48)/I48)*100 -> 3.2520057
B49: B | C49: 3.92 | D49: 3.1294 | E49: =((C49-D49)/C49)*100 -> 20.168367 | F49: 3.0116 | G49: =((D49-F49)/D49)*100 -> 3.7642999 | H49: 3.9595 | I49: 3.0599 | J49: =((H49-I49)/H49)*100 -> 22.72004 | K49: 2.9594 | L49: =((I49-K49)/I49)*100 -> 3.2844211
B50: C | C50: 3.9842 | D50: 3.1856 | E50: =((C50-D50)/C50)*100 -> 20.044174 | F50: 3.0651 | G50: =((D50-F50)/D50)*100 -> 3.7826469 | H50: 3.8763 | I50: 2.9938 | J50: =((H50-I50)/H50)*100 -> 22.766556 | K50: 2.8958 | L50: =((I50-K50)/I50)*100 -> 3.2734318
B51: D | C51: 3.9348 | D51: 3.1386 | E51: =((C51-D51)/C51)*100 -> 20.234828 | F51: 3.0202 | G51: =((D51-F51)/D51)*100 -> 3.7723826 | H51: 3.9316 | I51: 3.0128 | J51: =((H51-I51)/H51)*100 -> 23.369621 | K51: 2.9151 | L51: =((I51-K51)/I51)*100 -> 3.2428306
B52: E | C52: 3.9616 | D52: 3.1735 | E52: =((C52-D52)/C52)*100 -> 19.893477 | F52: 3.0538 | G52: =((D52-F52)/D52)*100 -> 3.7718607 | H52: 3.9716 | I52: 3.0687 | J52: =((H52-I52)/H52)*100 -> 22.733911 | K52: 2.9683 | L52: =((I52-K52)/I52)*100 -> 3.2717437
B53: F | C53: 3.9269 | D53: 3.1485 | E53: =((C53-D53)/C53)*100 -> 19.822252 | F53: 3.0294 | G53: =((D53-F53)/D53)*100 -> 3.7827537 | H53: 3.9601 | I53: 3.0578 | J53: =((H53-I53)/H53)*100 -> 22.784778 | K53: 2.9576 | L53: =((I53-K53)/I53)*100 -> 3.2768657
B54: G | C54: 3.8572 | D54: 3.1015 | E54: =((C54-D54)/C54)*100 -> 19.591932 | F54: 2.984 | G54: =((D54-F54)/D54)*100 -> 3.7884894 | H54: 3.9075 | I54: 3.0328 | J54: =((H54-I54)/H54)*100 -> 22.385157 | K54: 2.9326 | L54: =((I54-K54)/I54)*100 -> 3.3038776
A57: 1020 °C | B57: Av-Raw (#1) | H57: Av-ED (#1)
B58: Prøve | C58: (g) våd | D58: (g) efter 105° | E58: %vandindhold | F58: (g) efter 1020°C | G58: % tab efter 1020 | H58: (g) våd | I58: (g) efter 105° | J58: %vandindhold | K58: (g) efter 1020°C | L58: % tab efter 1020
A59: #0250 | B59: A | C59: 3.9923 | D59: 3.2299 | E59: =((C59-D59)/C59)*100 -> 19.096761 | F59: 3.0182 | G59: =((D59-F59)/D59)*100 -> 6.5543825 | H59: 4.0792 | I59: 3.2322 | J59: =((H59-I59)/H59)*100 -> 20.763875 | K59: 3.007 | L59: =((I59-K59)/I59)*100 -> 6.9673906
B60: B | C60: 4.0006 | D60: 3.2133 | E60: =((C60-D60)/C60)*100 -> 19.679548 | F60: 3.0026 | G60: =((D60-F60)/D60)*100 -> 6.557122 | H60: 3.9295 | I60: 3.104 | J60: =((H60-I60)/H60)*100 -> 21.007762 | K60: 2.8893 | L60: =((I60-K60)/I60)*100 -> 6.9168814
B61: C | C61: 3.8758 | D61: 3.1221 | E61: =((C61-D61)/C61)*100 -> 19.446308 | F61: 2.9174 | G61: =((D61-F61)/D61)*100 -> 6.5564844 | H61: 4.0357 | I61: 3.1892 | J61: =((H61-I61)/H61)*100 -> 20.975295 | K61: 2.9675 | L61: =((I61-K61)/I61)*100 -> 6.9515866
B62: D | C62: 3.9834 | D62: 3.2012 | E62: =((C62-D62)/C62)*100 -> 19.636491 | F62: 2.9911 | G62: =((D62-F62)/D62)*100 -> 6.5631638 | H62: 3.9444 | I62: 3.0879 | J62: =((H62-I62)/H62)*100 -> 21.714329 | K62: 2.8739 | L62: =((I62-K62)/I62)*100 -> 6.9302762
B63: E | C63: 3.9925 | D63: 3.2125 | E63: =((C63-D63)/C63)*100 -> 19.536631 | F63: 3.0027 | G63: =((D63-F63)/D63)*100 -> 6.5307393 | H63: 3.9616 | I63: 3.1255 | J63: =((H63-I63)/H63)*100 -> 21.105109 | K63: 2.9085 | L63: =((I63-K63)/I63)*100 -> 6.9428891
B64: F | C64: 3.8995 | D64: 3.1443 | E64: =((C64-D64)/C64)*100 -> 19.366585 | F64: 2.9384 | G64: =((D64-F64)/D64)*100 -> 6.5483573 | H64: 4.0729 | I64: 3.2151 | J64: =((H64-I64)/H64)*100 -> 21.06116 | K64: 2.9935 | L64: =((I64-K64)/I64)*100 -> 6.8924761
B65: G | C65: 3.9887 | D65: 3.2286 | E65: =((C65-D65)/C65)*100 -> 19.056334 | F65: 3.0165 | G65: =((D65-F65)/D65)*100 -> 6.5694109 | H65: 4.0476 | I65: 3.2025 | J65: =((H65-I65)/H65)*100 -> 20.879039 | K65: 2.9796 | L65: =((I65-K65)/I65)*100 -> 6.9601874
A66: #0252 | B66: A | C66: 4.0352 | D66: 3.233 | E66: =((C66-D66)/C66)*100 -> 19.880056 | F66: 3.1327 | G66: =((D66-F66)/D66)*100 -> 3.1023817 | H66: 4.0307 | I66: 3.1551 | J66: =((H66-I66)/H66)*100 -> 21.723274 | K66: 3.0438 | L66: =((I66-K66)/I66)*100 -> 3.5276219
B67: B | C67: 3.9453 | D67: 3.1615 | E67: =((C67-D67)/C67)*100 -> 19.866677 | F67: 3.0645 | G67: =((D67-F67)/D67)*100 -> 3.0681638 | H67: 4.0275 | I67: 3.152 | J67: =((H67-I67)/H67)*100 -> 21.738051 | K67: 3.041 | L67: =((I67-K67)/I67)*100 -> 3.5215736
B68: C | C68: 4.016 | D68: 3.2129 | E68: =((C68-D68)/C68)*100 -> 19.99751 | F68: 3.1137 | G68: =((D68-F68)/D68)*100 -> 3.0875533 | H68: 3.9538 | I68: 3.0868 | J68: =((H68-I68)/H68)*100 -> 21.928272 | K68: 2.9792 | L68: =((I68-K68)/I68)*100 -> 3.4858105
B69: D | C69: 3.9229 | D69: 3.137 | E69: =((C69-D69)/C69)*100 -> 20.033649 | F69: 3.0399 | G69: =((D69-F69)/D69)*100 -> 3.095314 | H69: 3.9205 | I69: 3.0742 | J69: =((H69-I69)/H69)*100 -> 21.586532 | K69: 2.9673 | L69: =((I69-K69)/I69)*100 -> 3.4773274
B70: E | C70: 3.9847 | D70: 3.1749 | E70: =((C70-D70)/C70)*100 -> 20.322734 | F70: 3.0762 | G70: =((D70-F70)/D70)*100 -> 3.1087593 | H70: 3.9815 | I70: 3.0961 | J70: =((H70-I70)/H70)*100 -> 22.23785 | K70: 2.9886 | L70: =((I70-K70)/I70)*100 -> 3.4721101
B71: F | C71: 4.001 | D71: 3.196 | E71: =((C71-D71)/C71)*100 -> 20.11997 | F71: 3.0968 | G71: =((D71-F71)/D71)*100 -> 3.1038798 | H71: 3.9418 | I71: 3.0808 | J71: =((H71-I71)/H71)*100 -> 21.842813 | K71: 2.9725 | L71: =((I71-K71)/I71)*100 -> 3.5153207
B72: G | C72: 3.9252 | D72: 3.1484 | E72: =((C72-D72)/C72)*100 -> 19.790074 | F72: 3.0495 | G72: =((D72-F72)/D72)*100 -> 3.1412781 | H72: 3.9287 | I72: 3.0678 | J72: =((H72-I72)/H72)*100 -> 21.913101 | K72: 2.9598 | L72: =((I72-K72)/I72)*100 -> 3.5204381
A73: 1030 °C | B73: Av-Raw (#2) | H73: Av-ED (#2)
B74: Prøve | C74: (g) våd | D74: (g) efter 105° | E74: %vandindhold | F74: (g) efter 1030°C | G74: % tab efter 1030 | H74: (g) våd | I74: (g) efter 105° | J74: %vandindhold | K74: (g) efter 1030°C | L74: % tab efter 1030
A75: #0250 | B75: A | C75: 3.8745 | D75: 3.0833 | E75: =((C75-D75)/C75)*100 -> 20.420699 | F75: 2.8808 | G75: =((D75-F75)/D75)*100 -> 6.5676386 | H75: 3.914 | I75: 3.08 | J75: =((H75-I75)/H75)*100 -> 21.308125 | K75: 2.8651 | L75: =((I75-K75)/I75)*100 -> 6.9772727
B76: B | C76: 3.9546 | D76: 3.1233 | E76: =((C76-D76)/C76)*100 -> 21.021089 | F76: 2.9189 | G76: =((D76-F76)/D76)*100 -> 6.5443601 | H76: 3.9703 | I76: 3.1066 | J76: =((H76-I76)/H76)*100 -> 21.754024 | K76: 2.8911 | L76: =((I76-K76)/I76)*100 -> 6.9368441
B77: C | C77: 3.8835 | D77: 3.0642 | E77: =((C77-D77)/C77)*100 -> 21.096949 | F77: 2.8647 | G77: =((D77-F77)/D77)*100 -> 6.5106716 | H77: 4.0591 | I77: 3.1782 | J77: =((H77-I77)/H77)*100 -> 21.701855 | K77: 2.9568 | L77: =((I77-K77)/I77)*100 -> 6.9662073
B78: D | C78: 3.8137 | D78: 3.0071 | E78: =((C78-D78)/C78)*100 -> 21.150064 | F78: 2.8108 | G78: =((D78-F78)/D78)*100 -> 6.527884 | H78: 4.0277 | I78: 3.1459 | J78: =((H78-I78)/H78)*100 -> 21.893388 | K78: 2.9276 | L78: =((I78-K78)/I78)*100 -> 6.9391907
B79: E | C79: 3.8866 | D79: 3.0649 | E79: =((C79-D79)/C79)*100 -> 21.141872 | F79: 2.8643 | G79: =((D79-F79)/D79)*100 -> 6.5450749 | H79: 3.9724 | I79: 3.1116 | J79: =((H79-I79)/H79)*100 -> 21.66952 | K79: 2.8963 | L79: =((I79-K79)/I79)*100 -> 6.9192698
B80: F | C80: 4.0012 | D80: 3.1494 | E80: =((C80-D80)/C80)*100 -> 21.288613 | F80: 2.9423 | G80: =((D80-F80)/D80)*100 -> 6.5758557 | H80: 3.9409 | I80: 3.0878 | J80: =((H80-I80)/H80)*100 -> 21.647339 | K80: 2.871 | L80: =((I80-K80)/I80)*100 -> 7.0211801
B81: G | C81: 3.9088 | D81: 3.0851 | E81: =((C81-D81)/C81)*100 -> 21.072964 | F81: 2.8821 | G81: =((D81-F81)/D81)*100 -> 6.5800136 | H81: 4.0325 | I81: 3.1623 | J81: =((H81-I81)/H81)*100 -> 21.579665 | K81: 2.923 | L81: =((I81-K81)/I81)*100 -> 7.567277
A82: #0252 | B82: A | C82: 4.0208 | D82: 3.1991 | E82: =((C82-D82)/C82)*100 -> 20.436232 | F82: 3.1001 | G82: =((D82-F82)/D82)*100 -> 3.0946204 | H82: 3.9422 | I82: 3.0856 | J82: =((H82-I82)/H82)*100 -> 21.728984 | K82: 2.9793 | L82: =((I82-K82)/I82)*100 -> 3.445035
B83: B | C83: 3.9373 | D83: 3.1078 | E83: =((C83-D83)/C83)*100 -> 21.067737 | F83: 3.012 | G83: =((D83-F83)/D83)*100 -> 3.0825664 | H83: 3.9522 | I83: 3.0913 | J83: =((H83-I83)/H83)*100 -> 21.782805 | K83: 2.9842 | L83: =((I83-K83)/I83)*100 -> 3.4645618
B84: C | C84: 4.0327 | D84: 3.1807 | E84: =((C84-D84)/C84)*100 -> 21.127284 | F84: 3.0828 | G84: =((D84-F84)/D84)*100 -> 3.0779388 | H84: 4.01 | I84: 3.1386 | J84: =((H84-I84)/H84)*100 -> 21.730673 | K84: 3.0301 | L84: =((I84-K84)/I84)*100 -> 3.4569553
B85: D | C85: 3.9979 | D85: 3.157 | E85: =((C85-D85)/C85)*100 -> 21.033543 | F85: 3.0597 | G85: =((D85-F85)/D85)*100 -> 3.0820399 | H85: 3.9134 | I85: 3.0561 | J85: =((H85-I85)/H85)*100 -> 21.906782 | K85: 2.9512 | L85: =((I85-K85)/I85)*100 -> 3.4324793
B86: E | C86: 4.015 | D86: 3.1707 | E86: =((C86-D86)/C86)*100 -> 21.028643 | F86: 3.0719 | G86: =((D86-F86)/D86)*100 -> 3.1160312 | H86: 4.0831 | I86: 3.1936 | J86: =((H86-I86)/H86)*100 -> 21.784918 | K86: 3.0844 | L86: =((I86-K86)/I86)*100 -> 3.4193387
B87: F | C87: 4 | D87: 3.1601 | E87: =((C87-D87)/C87)*100 -> 20.9975 | F87: 3.0621 | G87: =((D87-F87)/D87)*100 -> 3.1011677 | H87: 3.9741 | I87: 3.1119 | J87: =((H87-I87)/H87)*100 -> 21.695478 | K87: 3.0058 | L87: =((I87-K87)/I87)*100 -> 3.4094926
B88: G | C88: 3.9981 | D88: 3.1691 | E88: =((C88-D88)/C88)*100 -> 20.734849 | F88: 3.0708 | G88: =((D88-F88)/D88)*100 -> 3.101827 | H88: 3.9643 | I88: 3.1076 | J88: =((H88-I88)/H88)*100 -> 21.610373 | K88: 3.0004 | L88: =((I88-K88)/I88)*100 -> 3.4496074
A89: 1050 °C | B89: Av-Raw (#3) | H89: Av-ED (#3)
B90: Prøve | C90: (g) våd | D90: (g) efter 105° | E90: %vandindhold | F90: (g) efter 1050°C | G90: % tab efter 1050 | H90: (g) våd | I90: (g) efter 105° | J90: %vandindhold | K90: (g) efter 1050°C | L90: % tab efter 1050
A91: #0250 | B91: A | C91: 3.831 | D91: 3.0885 | E91: =((C91-D91)/C91)*100 -> 19.381363 | F91: 2.8787 | G91: =((D91-F91)/D91)*100 -> 6.7929416 | H91: 3.9639 | I91: 3.1705 | J91: =((H91-I91)/H91)*100 -> 20.015641 | K91: 2.9416 | L91: =((I91-K91)/I91)*100 -> 7.2196814
B92: B | C92: 3.8765 | D92: 3.1064 | E92: =((C92-D92)/C92)*100 -> 19.865858 | F92: 2.896 | G92: =((D92-F92)/D92)*100 -> 6.7731136 | H92: 3.9078 | I92: 3.0957 | J92: =((H92-I92)/H92)*100 -> 20.781514 | K92: 2.8703 | L92: =((I92-K92)/I92)*100 -> 7.2810673
B93: C | C93: 3.9096 | D93: 3.127 | E93: =((C93-D93)/C93)*100 -> 20.017393 | F93: 2.9145 | G93: =((D93-F93)/D93)*100 -> 6.7956508 | H93: 4.0515 | I93: 3.2177 | J93: =((H93-I93)/H93)*100 -> 20.580032 | K93: 2.9841 | L93: =((I93-K93)/I93)*100 -> 7.259844
B94: D | C94: 4.0327 | D94: 3.2263 | E94: =((C94-D94)/C94)*100 -> 19.996528 | F94: 3.0081 | G94: =((D94-F94)/D94)*100 -> 6.7631652 | H94: 4.0174 | I94: 3.2 | J94: =((H94-I94)/H94)*100 -> 20.346493 | K94: 2.9682 | L94: =((I94-K94)/I94)*100 -> 7.24375
B95: E | C95: 3.9529 | D95: 3.1786 | E95: =((C95-D95)/C95)*100 -> 19.58815 | F95: 2.9631 | G95: =((D95-F95)/D95)*100 -> 6.7797143 | H95: 3.9646 | I95: 3.1611 | J95: =((H95-I95)/H95)*100 -> 20.266862 | K95: 2.9294 | L95: =((I95-K95)/I95)*100 -> 7.329727
B96: F | C96: 4.0281 | D96: 3.2551 | E96: =((C96-D96)/C96)*100 -> 19.190189 | F96: 3.0237 | G96: =((D96-F96)/D96)*100 -> 7.1088446 | H96: 4.025 | I96: 3.2067 | J96: =((H96-I96)/H96)*100 -> 20.330435 | K96: 2.9734 | L96: =((I96-K96)/I96)*100 -> 7.2753921
B97: G | C97: 3.9326 | D97: 3.1759 | E97: =((C97-D97)/C97)*100 -> 19.241723 | F97: 2.959 | G97: =((D97-F97)/D97)*100 -> 6.8295601 | H97: 4.0196 | I97: 3.2023 | J97: =((H97-I97)/H97)*100 -> 20.332869 | K97: 2.9671 | L97: =((I97-K97)/I97)*100 -> 7.344721
A98: #0252 | B98: A | C98: 3.9393 | D98: 3.135 | E98: =((C98-D98)/C98)*100 -> 20.417333 | F98: 3.0332 | G98: =((D98-F98)/D98)*100 -> 3.2472089 | H98: 4.0433 | I98: 3.2008 | J98: =((H98-I98)/H98)*100 -> 20.83694 | K98: 3.0831 | L98: =((I98-K98)/I98)*100 -> 3.6772057
B99: B | C99: 4.0027 | D99: 3.1863 | E99: =((C99-D99)/C99)*100 -> 20.396233 | F99: 3.0826 | G99: =((D99-F99)/D99)*100 -> 3.2545586 | H99: 4.0146 | I99: 3.1714 | J99: =((H99-I99)/H99)*100 -> 21.003338 | K99: 3.0555 | L99: =((I99-K99)/I99)*100 -> 3.6545374
B100: C | C100: 4.0019 | D100: 3.1863 | E100: =((C100-D100)/C100)*100 -> 20.380319 | F100: 3.0824 | G100: =((D100-F100)/D100)*100 -> 3.2608355 | H100: 3.9961 | I100: 3.1592 | J100: =((H100-I100)/H100)*100 -> 20.942919 | K100: 3.0435 | L100: =((I100-K100)/I100)*100 -> 3.6623196
B101: D | C101: 4.0448 | D101: 3.2086 | E101: =((C101-D101)/C101)*100 -> 20.673457 | F101: 3.1052 | G101: =((D101-F101)/D101)*100 -> 3.2225893 | H101: 3.9224 | I101: 3.094 | J101: =((H101-I101)/H101)*100 -> 21.119723 | K101: 2.9807 | L101: =((I101-K101)/I101)*100 -> 3.6619263
B102: E | C102: 4.0455 | D102: 3.2173 | E102: =((C102-D102)/C102)*100 -> 20.47213 | F102: 3.113 | G102: =((D102-F102)/D102)*100 -> 3.2418488 | H102: 4.0441 | I102: 3.1982 | J102: =((H102-I102)/H102)*100 -> 20.916891 | K102: 3.0799 | L102: =((I102-K102)/I102)*100 -> 3.6989557
B103: F | C103: 3.9376 | D103: 3.1291 | E103: =((C103-D103)/C103)*100 -> 20.532812 | F103: 3.0268 | G103: =((D103-F103)/D103)*100 -> 3.2693107 | H103: 4.0521 | I103: 3.1957 | J103: =((H103-I103)/H103)*100 -> 21.13472 | K103: 3.0789 | L103: =((I103-K103)/I103)*100 -> 3.6549113
B104: G | C104: 3.8932 | D104: 3.1028 | E104: =((C104-D104)/C104)*100 -> 20.302065 | F104: 3.0016 | G104: =((D104-F104)/D104)*100 -> 3.2615702 | H104: 4.0893 | I104: 3.2416 | J104: =((H104-I104)/H104)*100 -> 20.729709 | K104: 3.1216 | L104: =((I104-K104)/I104)*100 -> 3.7018756
...

Sheet W&B Figures
A1: Vandindhold og brænding ved 950-1000-1050°C
A3: sample name: | B3: =[1]Mixing!B3 -> 0
A4: Date:
A5: Made by:
A7: 1020 °C | B7: Ref (#4) | H7: A2P (#4)
B8: Prøve | C8: (g) våd | D8: (g) efter 105° | E8: %vandindhold | F8: (g) efter 1020°C | G8: % tab efter 1020 | H8: (g) våd | I8: (g) efter 105° | J8: %vandindhold | K8: (g) efter 1020°C | L8: % tab efter 1020
A9: #0250 | B9: A | C9: ='Water and Burning'!C9 -> 3.8198 | D9: ='Water and Burning'!D9 -> 3.1243 | E9: ='Water and Burning'!E9 -> 18.20776 | F9: ='Water and Burning'!F9 -> 2.8395 | G9: ='Water and Burning'!G9 -> 9.1156419 | H9: ='Water and Burning'!H9 -> 4.0456 | I9: ='Water and Burning'!I9 -> 3.1456 | J9: ='Water and Burning'!J9 -> 22.246391 | ... L9: ='Water and Burning'!L9 -> 6.9525687
B10: B | C10: ='Water and Burning'!C10 -> 3.9058 | D10: ='Water and Burning'!D10 -> 3.189 | E10: ='Water and Burning'!E10 -> 18.352194 | F10: ='Water and Burning'!F10 -> 2.9006 | G10: ='Water and Burning'!G10 -> 9.0435873 | H10: ='Water and Burning'!H10 -> 3.9854 | I10: ='Water and Burning'!I10 -> 3.088 | J10: ='Water and Burning'!J10 -> 22.517188 | ... L10: ='Water and Burning'!L10 -> 6.9624352
B11: C | C11: ='Water and Burning'!C11 -> 3.8626 | D11: ='Water and Burning'!D11 -> 3.1487 | E11: ='Water and Burning'!E11 -> 18.482369 | F11: ='Water and Burning'!F11 -> 2.8621 | G11: ='Water and Burning'!G11 -> 9.1021691 | H11: ='Water and Burning'!H11 -> 4.0432 | I11: ='Water and Burning'!I11 -> 3.1254 | J11: ='Water and Burning'!J11 -> 22.699842 | ... L11: ='Water and Burning'!L11 -> 6.9815064
B12: D | C12: ='Water and Burning'!C12 -> 3.9077 | D12: ='Water and Burning'!D12 -> 3.1861 | E12: ='Water and Burning'!E12 -> 18.466105 | F12: ='Water and Burning'!F12 -> 2.8963 | G12: ='Water and Burning'!G12 -> 9.0957597 | H12: ='Water and Burning'!H12 -> 3.89 | I12: ='Water and Burning'!I12 -> 3.0072 | J12: ='Water and Burning'!J12 -> 22.694087 | ... L12: ='Water and Burning'!L12 -> 6.9167332
B13: E | C13: ='Water and Burning'!C13 -> 3.893 | D13: ='Water and Burning'!D13 -> 3.1643 | E13: ='Water and Burning'!E13 -> 18.718212 | F13: ='Water and Burning'!F13 -> 2.8745 | G13: ='Water and Burning'!G13 -> 9.1584237 | H13: ='Water and Burning'!H13 -> 3.9528 | I13: ='Water and Burning'!I13 -> 3.0662 | J13: ='Water and Burning'!J13 -> 22.42967 | ... L13: ='Water and Burning'!L13 -> 6.9010502
B14: F | C14: ='Water and Burning'!C14 -> 3.8718 | D14: ='Water and Burning'!D14 -> 3.1498 | E14: ='Water and Burning'!E14 -> 18.647657 | F14: ='Water and Burning'!F14 -> 2.863 | G14: ='Water and Burning'!G14 -> 9.10534 | H14: ='Water and Burning'!H14 -> 3.922 | I14: ='Water and Burning'!I14 -> 3.0377 | J14: ='Water and Burning'!J14 -> 22.54717 | ... L14: ='Water and Burning'!L14 -> 6.916417
B15: G | C15: ='Water and Burning'!C15 -> 3.9459 | D15: ='Water and Burning'!D15 -> 3.2257 | E15: ='Water and Burning'!E15 -> 18.251856 | F15: ='Water and Burning'!F15 -> 2.9276 | G15: ='Water and Burning'!G15 -> 9.241405 | H15: ='Water and Burning'!H15 -> 4.0466 | I15: ='Water and Burning'!I15 -> 3.1479 | J15: ='Water and Burning'!J15 -> 22.208768 | ... L15: ='Water and Burning'!L15 -> 6.9760793
A16: Average | C16: =AVERAGE(C9:C15) -> 3.8866571 | D16: =AVERAGE(D9:D15) -> 3.1697 | E16: =AVERAGE(E9:E15) -> 18.446593 | F16: =AVERAGE(F9:F15) -> 2.8805143 | G16: =AVERAGE(G9:G15) -> 9.1231895 | H16: =AVERAGE(H9:H15) -> 3.9836571 | I16: =AVERAGE(I9:I15) -> 3.0882857 | J16: =AVERAGE(J9:J15) -> 22.477588 | ... L16: =AVERAGE(L9:L15) -> 6.9438271
A17: STDEV | C17: =STDEV(C9:C15) -> 0.04005945 | D17: =STDEV(D9:D15) -> 0.033428481 | E17: =STDEV(E9:E15) -> 0.19137201 | F17: =STDEV(F9:F15) -> 0.029534919 | G17: =STDEV(G9:G15) -> 0.062078803 | H17: =STDEV(H9:H15) -> 0.064384958 | I17: =STDEV(I9:I15) -> 0.054525114 | J17: =STDEV(J9:J15) -> 0.19608283 | ... L17: =STDEV(L9:L15) -> 0.032139976
A18: #0252 | B18: A | C18: ='Water and Burning'!C16 -> 3.9677 | D18: ='Water and Burning'!D16 -> 3.2176 | E18: ='Water and Burning'!E16 -> 18.905159 | F18: ='Water and Burning'!F16 -> 3.0929 | G18: ='Water and Burning'!G16 -> 3.8755594 | H18: ='Water and Burning'!H16 -> 4.0863 | I18: ='Water and Burning'!I16 -> 3.1687 | J18: ='Water and Burning'!J16 -> 22.455522 | ... L18: ='Water and Burning'!L16 -> 3.3420646
B19: B | C19: ='Water and Burning'!C17 -> 3.9606 | D19: ='Water and Burning'!D17 -> 3.1966 | E19: ='Water and Burning'!E17 -> 19.290007 | F19: ='Water and Burning'!F17 -> 3.0729 | G19: ='Water and Burning'!G17 -> 3.8697366 | H19: ='Water and Burning'!H17 -> 3.9847 | I19: ='Water and Burning'!I17 -> 3.0746 | J19: ='Water and Burning'!J17 -> 22.839862 | ... L19: ='Water and Burning'!L17 -> 3.3207572
B20: C | C20: ='Water and Burning'!C18 -> 4.0371 | D20: ='Water and Burning'!D18 -> 3.2625 | E20: ='Water and Burning'!E18 -> 19.18704 | F20: ='Water and Burning'!F18 -> 3.1374 | G20: ='Water and Burning'!G18 -> 3.8344828 | H20: ='Water and Burning'!H18 -> 3.9867 | I20: ='Water and Burning'!I18 -> 3.0866 | J20: ='Water and Burning'!J18 -> 22.57757 | ... L20: ='Water and Burning'!L18 -> 3.3078468
B21: D | C21: ='Water and Burning'!C19 -> 3.9425 | D21: ='Water and Burning'!D19 -> 3.1817 | E21: ='Water and Burning'!E19 -> 19.2974 | F21: ='Water and Burning'!F19 -> 3.0598 | G21: ='Water and Burning'!G19 -> 3.8312852 | H21: ='Water and Burning'!H19 -> 3.9644 | I21: ='Water and Burning'!I19 -> 3.0696 | J21: ='Water and Burning'!J19 -> 22.570881 | ... L21: ='Water and Burning'!L19 -> 3.3098775
B22: E | C22: ='Water and Burning'!C20 -> 3.807 | D22: ='Water and Burning'!D20 -> 3.0807 | E22: ='Water and Burning'!E20 -> 19.078014 | F22: ='Water and Burning'!F20 -> 2.9622 | G22: ='Water and Burning'!G20 -> 3.8465284 | H22: ='Water and Burning'!H20 -> 3.9918 | I22: ='Water and Burning'!I20 -> 3.0919 | J22: ='Water and Burning'!J20 -> 22.543715 | ... L22: ='Water and Burning'!L20 -> 3.3409877
B23: F | C23: ='Water and Burning'!C21 -> 3.8374 | D23: ='Water and Burning'!D21 -> 3.1029 | E23: ='Water and Burning'!E21 -> 19.140564 | F23: ='Water and Burning'!F21 -> 2.9829 | G23: ='Water and Burning'!G21 -> 3.8673499 | H23: ='Water and Burning'!H21 -> 4.006 | I23: ='Water and Burning'!I21 -> 3.1032 | J23: ='Water and Burning'!J21 -> 22.536196 | ... L23: ='Water and Burning'!L21 -> 3.3578242
B24: G | C24: ='Water and Burning'!C22 -> 3.8029 | D24: ='Water and Burning'!D22 -> 3.0773 | E24: ='Water and Burning'!E22 -> 19.080176 | F24: ='Water and Burning'!F22 -> 2.9574 | G24: ='Water and Burning'!G22 -> 3.8962727 | H24: ='Water and Burning'!H22 -> 4.0142 | I24: ='Water and Burning'!I22 -> 3.1155 | J24: ='Water and Burning'!J22 -> 22.388023 | ... L24: ='Water and Burning'!L22 -> 3.350987
A25: Average | C25: =AVERAGE(C18:C24) -> 3.9078857 | D25: =AVERAGE(D18:D24) -> 3.1599 | E25: =AVERAGE(E18:E24) -> 19.139766 | F25: =AVERAGE(F18:F24) -> 3.0379286 | G25: =AVERAGE(G18:G24) -> 3.8601736 | H25: =AVERAGE(H18:H24) -> 4.0048714 | I25: =AVERAGE(I18:I24) -> 3.1014429 | J25: =AVERAGE(J18:J24) -> 22.558824 | ... L25: =AVERAGE(L18:L24) -> 3.3329064
A26: STDEV | C26: =STDEV(C18:C24) -> 0.091668959 | D26: =STDEV(D18:D24) -> 0.073055436 | E26: =STDEV(E18:E24) -> 0.13666315 | F26: =STDEV(F18:F24) -> 0.070552102 | G26: =STDEV(G18:G24) -> 0.023676895 | H26: =STDEV(H18:H24) -> 0.03929545 | I26: =STDEV(I18:I24) -> 0.033590914 | J26: =STDEV(J18:J24) -> 0.14145917 | ... L26: =STDEV(L18:L24) -> 0.02001208
A27: 1030 °C | B27: Ref (#5) | H27: A2P (#5)
B28: Prøve | C28: (g) våd | D28: (g) efter 105° | E28: %vandindhold | F28: (g) efter 1030°C | G28: % tab efter 1030 | H28: (g) våd | I28: (g) efter 105° | J28: %vandindhold | K28: (g) efter 1030°C | L28: % tab efter 1030
A29: #0250 | B29: A | C29: ='Water and Burning'!C25 -> 3.8086 | D29: ='Water and Burning'!D25 -> 3.1505 | E29: ='Water and Burning'!E25 -> 17.279315 | F29: ='Water and Burning'!F25 -> 2.8712 | G29: ='Water and Burning'!G25 -> 8.8652595 | H29: ='Water and Burning'!H25 -> 3.936 | I29: ='Water and Burning'!I25 -> 3.0839 | J29: ='Water and Burning'!J25 -> 21.648882 | ... L29: ='Water and Burning'!L25 -> 6.8971108
B30: B | C30: ='Water and Burning'!C26 -> 3.8583 | D30: ='Water and Burning'!D26 -> 3.1633 | E30: ='Water and Burning'!E26 -> 18.013115 | F30: ='Water and Burning'!F26 -> 2.8812 | G30: ='Water and Burning'!G26 -> 8.9179022 | H30: ='Water and Burning'!H26 -> 4.0057 | I30: ='Water and Burning'!I26 -> 3.1267 | J30: ='Water and Burning'!J26 -> 21.94373 | ... L30: ='Water and Burning'!L26 -> 6.9754054
B31: C | C31: ='Water and Burning'!C27 -> 3.7949 | D31: ='Water and Burning'!D27 -> 3.1004 | E31: ='Water and Burning'!E27 -> 18.300877 | F31: ='Water and Burning'!F27 -> 2.8211 | G31: ='Water and Burning'!G27 -> 9.008515 | H31: ='Water and Burning'!H27 -> 3.9571 | I31: ='Water and Burning'!I27 -> 3.0906 | J31: ='Water and Burning'!J27 -> 21.897349 | ... L31: ='Water and Burning'!L27 -> 6.9436355
B32: D | C32: ='Water and Burning'!C28 -> 3.838 | D32: ='Water and Burning'!D28 -> 3.1338 | E32: ='Water and Burning'!E28 -> 18.348098 | F32: ='Water and Burning'!F28 -> 2.8573 | G32: ='Water and Burning'!G28 -> 8.823154 | H32: ='Water and Burning'!H28 -> 3.8779 | I32: ='Water and Burning'!I28 -> 3.0246 | J32: ='Water and Burning'!J28 -> 22.004178 | ... L32: ='Water and Burning'!L28 -> 6.929842
B33: E | C33: ='Water and Burning'!C29 -> 3.7719 | D33: ='Water and Burning'!D29 -> 3.071 | E33: ='Water and Burning'!E29 -> 18.582147 | F33: ='Water and Burning'!F29 -> 2.7966 | G33: ='Water and Burning'!G29 -> 8.9352003 | H33: ='Water and Burning'!H29 -> 3.9741 | I33: ='Water and Burning'!I29 -> 3.1084 | J33: ='Water and Burning'!J29 -> 21.783548 | ... L33: ='Water and Burning'!L29 -> 6.9038734
B34: F | C34: ='Water and Burning'!C30 -> 3.8303 | D34: ='Water and Burning'!D30 -> 3.1318 | E34: ='Water and Burning'!E30 -> 18.236169 | F34: ='Water and Burning'!F30 -> 2.8513 | G34: ='Water and Burning'!G30 -> 8.9565106 | H34: ='Water and Burning'!H30 -> 3.9526 | I34: ='Water and Burning'!I30 -> 3.101 | J34: ='Water and Burning'!J30 -> 21.545312 | ... L34: ='Water and Burning'!L30 -> 6.9300226
B35: G | C35: ='Water and Burning'!C31 -> 3.7817 | D35: ='Water and Burning'!D31 -> 3.1011 | E35: ='Water and Burning'!E31 -> 17.997197 | F35: ='Water and Burning'!F31 -> 2.8238 | G35: ='Water and Burning'!G31 -> 8.9419883 | H35: ='Water and Burning'!H31 -> 3.9739 | I35: ='Water and Burning'!I31 -> 3.1045 | J35: ='Water and Burning'!J31 -> 21.877752 | ... L35: ='Water and Burning'!L31 -> 7.028507
A36: Average | C36: =AVERAGE(C29:C35) -> 3.8119571 | D36: =AVERAGE(D29:D35) -> 3.1217 | E36: =AVERAGE(E29:E35) -> 18.108131 | F36: =AVERAGE(F29:F35) -> 2.8432143 | G36: =AVERAGE(G29:G35) -> 8.9212186 | H36: =AVERAGE(H29:H35) -> 3.9539 | I36: =AVERAGE(I29:I35) -> 3.0913857 | J36: =AVERAGE(J29:J35) -> 21.814393 | ... L36: =AVERAGE(L29:L35) -> 6.9440567
A37: STDEV | C37: =STDEV(C29:C35) -> 0.031582266 | D37: =STDEV(D29:D35) -> 0.032292827 | E37: =STDEV(E29:E35) -> 0.41715112 | F37: =STDEV(F29:F35) -> 0.030355528 | G37: =STDEV(G29:G35) -> 0.060899029 | H37: =STDEV(H29:H35) -> 0.039999208 | I37: =STDEV(I29:I35) -> 0.032449932 | J37: =STDEV(J29:J35) -> 0.16552555 | ... L37: =STDEV(L29:L35) -> 0.045336526
A38: #0252 | B38: A | C38: ='Water and Burning'!C32 -> 3.9991 | D38: ='Water and Burning'!D32 -> 3.2509 | E38: ='Water and Burning'!E32 -> 18.70921 | F38: ='Water and Burning'!F32 -> 3.1271 | G38: ='Water and Burning'!G32 -> 3.8081762 | H38: ='Water and Burning'!H32 -> 4.0272 | I38: ='Water and Burning'!I32 -> 3.1263 | J38: ='Water and Burning'!J32 -> 22.370381 | ... L38: ='Water and Burning'!L32 -> 3.230656
B39: B | C39: ='Water and Burning'!C33 -> 4.015 | D39: ='Water and Burning'!D33 -> 3.2549 | E39: ='Water and Burning'!E33 -> 18.931507 | F39: ='Water and Burning'!F33 -> 3.132 | G39: ='Water and Burning'!G33 -> 3.7758456 | H39: ='Water and Burning'!H33 -> 4.0278 | I39: ='Water and Burning'!I33 -> 3.1455 | J39: ='Water and Burning'!J33 -> 21.905258 | ... L39: ='Water and Burning'!L33 -> 3.2776983
B40: C | C40: ='Water and Burning'!C34 -> 3.9018 | D40: ='Water and Burning'!D34 -> 3.1642 | E40: ='Water and Burning'!E34 -> 18.904096 | F40: ='Water and Burning'!F34 -> 3.0439 | G40: ='Water and Burning'!G34 -> 3.8019089 | H40: ='Water and Burning'!H34 -> 4.0653 | I40: ='Water and Burning'!I34 -> 3.1691 | J40: ='Water and Burning'!J34 -> 22.045114 | ... L40: ='Water and Burning'!L34 -> 3.2438232
B41: D | C41: ='Water and Burning'!C35 -> 3.9395 | D41: ='Water and Burning'!D35 -> 3.1942 | E41: ='Water and Burning'!E35 -> 18.918644 | F41: ='Water and Burning'!F35 -> 3.0725 | G41: ='Water and Burning'!G35 -> 3.8100307 | H41: ='Water and Burning'!H35 -> 3.971 | I41: ='Water and Burning'!I35 -> 3.0835 | J41: ='Water and Burning'!J35 -> 22.349534 | ... L41: ='Water and Burning'!L35 -> 3.2527971
B42: E | C42: ='Water and Burning'!C36 -> 3.8799 | D42: ='Water and Burning'!D36 -> 3.1495 | E42: ='Water and Burning'!E36 -> 18.825227 | F42: ='Water and Burning'!F36 -> 3.0296 | G42: ='Water and Burning'!G36 -> 3.8069535 | H42: ='Water and Burning'!H36 -> 4.0709 | I42: ='Water and Burning'!I36 -> 3.1708 | J42: ='Water and Burning'!J36 -> 22.11059 | ... L42: ='Water and Burning'!L36 -> 3.2389302
B43: F | C43: ='Water and Burning'!C37 -> 3.9103 | D43: ='Water and Burning'!D37 -> 3.162 | E43: ='Water and Burning'!E37 -> 19.136639 | F43: ='Water and Burning'!F37 -> 3.0404 | G43: ='Water and Burning'!G37 -> 3.8456673 | H43: ='Water and Burning'!H37 -> 3.9191 | I43: ='Water and Burning'!I37 -> 3.0464 | J43: ='Water and Burning'!J37 -> 22.267868 | ... L43: ='Water and Burning'!L37 -> 3.2563025
B44: G | C44: ='Water and Burning'!C38 -> 3.8557 | D44: ='Water and Burning'!D38 -> 3.137 | E44: ='Water and Burning'!E38 -> 18.639936 | F44: ='Water and Burning'!F38 -> 3.0166 | G44: ='Water and Burning'!G38 -> 3.8380618 | H44: ='Water and Burning'!H38 -> 4.0433 | I44: ='Water and Burning'!I38 -> 3.1534 | J44: ='Water and Burning'!J38 -> 22.00925 | ... L44: ='Water and Burning'!L38 -> 3.2916852
A45: Average | C45: =AVERAGE(C38:C44) -> 3.9287571 | D45: =AVERAGE(D38:D44) -> 3.1875286 | E45: =AVERAGE(E38:E44) -> 18.866466 | F45: =AVERAGE(F38:F44) -> 3.0660143 | G45: =AVERAGE(G38:G44) -> 3.8123777 | H45: =AVERAGE(H38:H44) -> 4.0178 | I45: =AVERAGE(I38:I44) -> 3.1278571 | J45: =AVERAGE(J38:J44) -> 22.151142 | ... L45: =AVERAGE(L38:L44) -> 3.2559847
A46: STDEV | C46: =STDEV(C38:C44) -> 0.059572193 | D46: =STDEV(D38:D44) -> 0.047948921 | E46: =STDEV(E38:E44) -> 0.16284379 | F46: =STDEV(F38:F44) -> 0.046620004 | G46: =STDEV(G38:G44) -> 0.023326106 | H46: =STDEV(H38:H44) -> 0.05453806 | I46: =STDEV(I38:I44) -> 0.046751145 | J46: =STDEV(J38:J44) -> 0.18005964 | ... L46: =STDEV(L38:L44) -> 0.021743058
A47: 1050 °C | B47: Ref (#6) | H47: A2P (#6)
B48: Prøve | C48: (g) våd | D48: (g) efter 105° | E48: %vandindhold | F48: (g) efter 1050°C | G48: % tab efter 1050 | H48: (g) våd | I48: (g) efter 105° | J48: %vandindhold | K48: (g) efter 1050°C | L48: % tab efter 1050
A49: #0250 | B49: A | C49: ='Water and Burning'!C41 -> 3.8888 | D49: ='Water and Burning'!D41 -> 3.1249 | E49: ='Water and Burning'!E41 -> 19.643592 | F49: ='Water and Burning'!F41 -> 2.8365 | G49: ='Water and Burning'!G41 -> 9.2290953 | H49: ='Water and Burning'!H41 -> 3.992 | I49: ='Water and Burning'!I41 -> 3.1211 | J49: ='Water and Burning'!J41 -> 21.816132 | ... L49: ='Water and Burning'!L41 -> 7.1737528
B50: B | C50: ='Water and Burning'!C42 -> 3.8447 | D50: ='Water and Burning'!D42 -> 3.0877 | E50: ='Water and Burning'!E42 -> 19.689443 | F50: ='Water and Burning'!F42 -> 2.8013 | G50: ='Water and Burning'!G42 -> 9.2755125 | H50: ='Water and Burning'!H42 -> 3.9755 | I50: ='Water and Burning'!I42 -> 3.1085 | J50: ='Water and Burning'!J42 -> 21.808578 | ... L50: ='Water and Burning'!L42 -> 7.186746
B51: C | C51: ='Water and Burning'!C43 -> 3.976 | D51: ='Water and Burning'!D43 -> 3.1806 | E51: ='Water and Burning'!E43 -> 20.00503 | F51: ='Water and Burning'!F43 -> 2.8843 | G51: ='Water and Burning'!G43 -> 9.3158524 | H51: ='Water and Burning'!H43 -> 4.0964 | I51: ='Water and Burning'!I43 -> 3.2178 | J51: ='Water and Burning'!J43 -> 21.448101 | ... L51: ='Water and Burning'!L43 -> 7.2036795
B52: D | C52: ='Water and Burning'!C44 -> 3.9753 | D52: ='Water and Burning'!D44 -> 3.1966 | E52: ='Water and Burning'!E44 -> 19.588459 | F52: ='Water and Burning'!F44 -> 2.9006 | G52: ='Water and Burning'!G44 -> 9.2598386 | H52: ='Water and Burning'!H44 -> 4.0357 | I52: ='Water and Burning'!I44 -> 3.1711 | J52: ='Water and Burning'!J44 -> 21.423793 | ... L52: ='Water and Burning'!L44 -> 7.1741667
B53: E | C53: ='Water and Burning'!C45 -> 3.8304 | D53: ='Water and Burning'!D45 -> 3.0715 | E53: ='Water and Burning'!E45 -> 19.812552 | F53: ='Water and Burning'!F45 -> 2.7851 | G53: ='Water and Burning'!G45 -> 9.3244343 | H53: ='Water and Burning'!H45 -> 4.1116 | I53: ='Water and Burning'!I45 -> 3.2218 | J53: ='Water and Burning'!J45 -> 21.64121 | ... L53: ='Water and Burning'!L45 -> 7.1512819
B54: F | C54: ='Water and Burning'!C46 -> 3.877 | D54: ='Water and Burning'!D46 -> 3.1163 | E54: ='Water and Burning'!E46 -> 19.620841 | F54: ='Water and Burning'!F46 -> 2.8251 | G54: ='Water and Burning'!G46 -> 9.3444149 | H54: ='Water and Burning'!H46 -> 4.0371 | I54: ='Water and Burning'!I46 -> 3.1528 | J54: ='Water and Burning'!J46 -> 21.904337 | ... L54: ='Water and Burning'!L46 -> 7.1460289
B55: G | C55: ='Water and Burning'!C47 -> 3.9271 | D55: ='Water and Burning'!D47 -> 3.1594 | E55: ='Water and Burning'!E47 -> 19.548776 | F55: ='Water and Burning'!F47 -> 2.8663 | G55: ='Water and Burning'!G47 -> 9.2770779 | H55: ='Water and Burning'!H47 -> 4.013 | I55: ='Water and Burning'!I47 -> 3.1565 | J55: ='Water and Burning'!J47 -> 21.343135 | ... L55: ='Water and Burning'!L47 -> 7.1693331
A56: Average | C56: =AVERAGE(C49:C55) -> 3.9027571 | D56: =AVERAGE(D49:D55) -> 3.1338571 | E56: =AVERAGE(E49:E55) -> 19.701242 | F56: =AVERAGE(F49:F55) -> 2.8427429 | G56: =AVERAGE(G49:G55) -> 9.2894608 | H56: =AVERAGE(H49:H55) -> 4.0373286 | I56: =AVERAGE(I49:I55) -> 3.1642286 | J56: =AVERAGE(J49:J55) -> 21.626469 | ... L56: =AVERAGE(L49:L55) -> 7.1721413
A57: STDEV | C57: =STDEV(C49:C55) -> 0.058713964 | D57: =STDEV(D49:D55) -> 0.046871059 | E57: =STDEV(E49:E55) -> 0.15841409 | F57: =STDEV(F49:F55) -> 0.042856033 | G57: =STDEV(G49:G55) -> 0.040432999 | H57: =STDEV(H49:H55) -> 0.05078995 | I57: =STDEV(I49:I55) -> 0.043565419 | J57: =STDEV(J49:J55) -> 0.223508 | ... L57: =STDEV(L49:L55) -> 0.019746367
A58: #0252 | B58: A | C58: ='Water and Burning'!C48 -> 3.9296 | D58: ='Water and Burning'!D48 -> 3.1545 | E58: ='Water and Burning'!E48 -> 19.724654 | F58: ='Water and Burning'!F48 -> 3.0356 | G58: ='Water and Burning'!G48 -> 3.7692186 | H58: ='Water and Burning'!H48 -> 3.9128 | I58: ='Water and Burning'!I48 -> 3.0289 | J58: ='Water and Burning'!J48 -> 22.589961 | ... L58: ='Water and Burning'!L48 -> 3.2520057
B59: B | C59: ='Water and Burning'!C49 -> 3.92 | D59: ='Water and Burning'!D49 -> 3.1294 | E59: ='Water and Burning'!E49 -> 20.168367 | F59: ='Water and Burning'!F49 -> 3.0116 | G59: ='Water and Burning'!G49 -> 3.7642999 | H59: ='Water and Burning'!H49 -> 3.9595 | I59: ='Water and Burning'!I49 -> 3.0599 | J59: ='Water and Burning'!J49 -> 22.72004 | ... L59: ='Water and Burning'!L49 -> 3.2844211
B60: C | C60: ='Water and Burning'!C50 -> 3.9842 | D60: ='Water and Burning'!D50 -> 3.1856 | E60: ='Water and Burning'!E50 -> 20.044174 | F60: ='Water and Burning'!F50 -> 3.0651 | G60: ='Water and Burning'!G50 -> 3.7826469 | H60: ='Water and Burning'!H50 -> 3.8763 | I60: ='Water and Burning'!I50 -> 2.9938 | J60: ='Water and Burning'!J50 -> 22.766556 | ... L60: ='Water and Burning'!L50 -> 3.2734318
B61: D | C61: ='Water and Burning'!C51 -> 3.9348 | D61: ='Water and Burning'!D51 -> 3.1386 | E61: ='Water and Burning'!E51 -> 20.234828 | F61: ='Water and Burning'!F51 -> 3.0202 | G61: ='Water and Burning'!G51 -> 3.7723826 | H61: ='Water and Burning'!H51 -> 3.9316 | I61: ='Water and Burning'!I51 -> 3.0128 | J61: ='Water and Burning'!J51 -> 23.369621 | ... L61: ='Water and Burning'!L51 -> 3.2428306
B62: E | C62: ='Water and Burning'!C52 -> 3.9616 | D62: ='Water and Burning'!D52 -> 3.1735 | E62: ='Water and Burning'!E52 -> 19.893477 | F62: ='Water and Burning'!F52 -> 3.0538 | G62: ='Water and Burning'!G52 -> 3.7718607 | H62: ='Water and Burning'!H52 -> 3.9716 | I62: ='Water and Burning'!I52 -> 3.0687 | J62: ='Water and Burning'!J52 -> 22.733911 | ... L62: ='Water and Burning'!L52 -> 3.2717437
B63: F | C63: ='Water and Burning'!C53 -> 3.9269 | D63: ='Water and Burning'!D53 -> 3.1485 | E63: ='Water and Burning'!E53 -> 19.822252 | F63: ='Water and Burning'!F53 -> 3.0294 | G63: ='Water and Burning'!G53 -> 3.7827537 | H63: ='Water and Burning'!H53 -> 3.9601 | I63: ='Water and Burning'!I53 -> 3.0578 | J63: ='Water and Burning'!J53 -> 22.784778 | ... L63: ='Water and Burning'!L53 -> 3.2768657
B64: G | C64: ='Water and Burning'!C54 -> 3.8572 | D64: ='Water and Burning'!D54 -> 3.1015 | E64: ='Water and Burning'!E54 -> 19.591932 | F64: ='Water and Burning'!F54 -> 2.984 | G64: ='Water and Burning'!G54 -> 3.7884894 | H64: ='Water and Burning'!H54 -> 3.9075 | I64: ='Water and Burning'!I54 -> 3.0328 | J64: ='Water and Burning'!J54 -> 22.385157 | ... L64: ='Water and Burning'!L54 -> 3.3038776
A65: Average | C65: =AVERAGE(C58:C64) -> 3.9306143 | D65: =AVERAGE(D58:D64) -> 3.1473714 | E65: =AVERAGE(E58:E64) -> 19.925669 | F65: =AVERAGE(F58:F64) -> 3.0285286 | G65: =AVERAGE(G58:G64) -> 3.7759503 | H65: =AVERAGE(H58:H64) -> 3.9313429 | I65: =AVERAGE(I58:I64) -> 3.0363857 | J65: =AVERAGE(J58:J64) -> 22.764289 | ... L65: =AVERAGE(L58:L64) -> 3.272168
A66: STDEV | C66: =STDEV(C58:C64) -> 0.039509932 | D66: =STDEV(D58:D64) -> 0.027989028 | E66: =STDEV(E58:E64) -> 0.23524599 | F66: =STDEV(F58:F64) -> 0.026974106 | G66: =STDEV(G58:G64) -> 0.0087451197 | H66: =STDEV(H58:H64) -> 0.034598982 | I66: =STDEV(I58:I64) -> 0.027369169 | J66: =STDEV(J58:J64) -> 0.30107126 | ... L66: =STDEV(L58:L64) -> 0.020193584
A69: 1020 °C | B69: Av-Raw (#1) | H69: Av-ED (#1)
B70: Prøve | C70: (g) våd | D70: (g) efter 105° | E70: %vandindhold | F70: (g) efter 1020°C | G70: % tab efter 1020 | H70: (g) våd | I70: (g) efter 105° | J70: %vandindhold | K70: (g) efter 1020°C | L70: % tab efter 1020
A71: #0250 | B71: A | C71: ='Water and Burning'!C59 -> 3.9923 | D71: ='Water and Burning'!D59 -> 3.2299 | E71: ='Water and Burning'!E59 -> 19.096761 | F71: ='Water and Burning'!F59 -> 3.0182 | G71: ='Water and Burning'!G59 -> 6.5543825 | H71: ='Water and Burning'!H59 -> 4.0792 | I71: ='Water and Burning'!I59 -> 3.2322 | J71: ='Water and Burning'!J59 -> 20.763875 | ... L71: ='Water and Burning'!L59 -> 6.9673906
B72: B | C72: ='Water and Burning'!C60 -> 4.0006 | D72: ='Water and Burning'!D60 -> 3.2133 | E72: ='Water and Burning'!E60 -> 19.679548 | F72: ='Water and Burning'!F60 -> 3.0026 | G72: ='Water and Burning'!G60 -> 6.557122 | H72: ='Water and Burning'!H60 -> 3.9295 | I72: ='Water and Burning'!I60 -> 3.104 | J72: ='Water and Burning'!J60 -> 21.007762 | ... L72: ='Water and Burning'!L60 -> 6.9168814
B73: C | C73: ='Water and Burning'!C61 -> 3.8758 | D73: ='Water and Burning'!D61 -> 3.1221 | E73: ='Water and Burning'!E61 -> 19.446308 | F73: ='Water and Burning'!F61 -> 2.9174 | G73: ='Water and Burning'!G61 -> 6.5564844 | H73: ='Water and Burning'!H61 -> 4.0357 | I73: ='Water and Burning'!I61 -> 3.1892 | J73: ='Water and Burning'!J61 -> 20.975295 | ... L73: ='Water and Burning'!L61 -> 6.9515866
B74: D | C74: ='Water and Burning'!C62 -> 3.9834 | D74: ='Water and Burning'!D62 -> 3.2012 | E74: ='Water and Burning'!E62 -> 19.636491 | F74: ='Water and Burning'!F62 -> 2.9911 | G74: ='Water and Burning'!G62 -> 6.5631638 | H74: ='Water and Burning'!H62 -> 3.9444 | I74: ='Water and Burning'!I62 -> 3.0879 | J74: ='Water and Burning'!J62 -> 21.714329 | ... L74: ='Water and Burning'!L62 -> 6.9302762
B75: E | C75: ='Water and Burning'!C63 -> 3.9925 | D75: ='Water and Burning'!D63 -> 3.2125 | E75: ='Water and Burning'!E63 -> 19.536631 | F75: ='Water and Burning'!F63 -> 3.0027 | G75: ='Water and Burning'!G63 -> 6.5307393 | H75: ='Water and Burning'!H63 -> 3.9616 | I75: ='Water and Burning'!I63 -> 3.1255 | J75: ='Water and Burning'!J63 -> 21.105109 | ... L75: ='Water and Burning'!L63 -> 6.9428891
B76: F | C76: ='Water and Burning'!C64 -> 3.8995 | D76: ='Water and Burning'!D64 -> 3.1443 | E76: ='Water and Burning'!E64 -> 19.366585 | F76: ='Water and Burning'!F64 -> 2.9384 | G76: ='Water and Burning'!G64 -> 6.5483573 | H76: ='Water and Burning'!H64 -> 4.0729 | I76: ='Water and Burning'!I64 -> 3.2151 | J76: ='Water and Burning'!J64 -> 21.06116 | ... L76: ='Water and Burning'!L64 -> 6.8924761
B77: G | C77: ='Water and Burning'!C65 -> 3.9887 | D77: ='Water and Burning'!D65 -> 3.2286 | E77: ='Water and Burning'!E65 -> 19.056334 | F77: ='Water and Burning'!F65 -> 3.0165 | G77: ='Water and Burning'!G65 -> 6.5694109 | H77: ='Water and Burning'!H65 -> 4.0476 | I77: ='Water and Burning'!I65 -> 3.2025 | J77: ='Water and Burning'!J65 -> 20.879039 | ... L77: ='Water and Burning'!L65 -> 6.9601874
A78: Average | C78: =AVERAGE(C71:C77) -> 3.9618286 | D78: =AVERAGE(D71:D77) -> 3.1931286 | E78: =AVERAGE(E71:E77) -> 19.402666 | F78: =AVERAGE(F71:F77) -> 2.9838429 | G78: =AVERAGE(G71:G77) -> 6.5542372 | H78: =AVERAGE(H71:H77) -> 4.0101286 | I78: =AVERAGE(I71:I77) -> 3.1652 | J78: =AVERAGE(J71:J77) -> 21.072367 | ... L78: =AVERAGE(L71:L77) -> 6.9373839
A79: STDEV | C79: =STDEV(C71:C77) -> 0.051390068 | D79: =STDEV(D71:D77) -> 0.04259682 | E79: =STDEV(E71:E77) -> 0.24698669 | F79: =STDEV(F71:F77) -> 0.039763252 | G79: =STDEV(G71:G77) -> 0.012315588 | H79: =STDEV(H71:H77) -> 0.06317351 | I79: =STDEV(I71:I77) -> 0.05808488 | J79: =STDEV(J71:J77) -> 0.30535566 | ... L79: =STDEV(L71:L77) -> 0.026267862
A80: #0252 | B80: A | C80: ='Water and Burning'!C66 -> 4.0352 | D80: ='Water and Burning'!D66 -> 3.233 | E80: ='Water and Burning'!E66 -> 19.880056 | F80: ='Water and Burning'!F66 -> 3.1327 | G80: ='Water and Burning'!G66 -> 3.1023817 | H80: ='Water and Burning'!H66 -> 4.0307 | I80: ='Water and Burning'!I66 -> 3.1551 | J80: ='Water and Burning'!J66 -> 21.723274 | ... L80: ='Water and Burning'!L66 -> 3.5276219
B81: B | C81: ='Water and Burning'!C67 -> 3.9453 | D81: ='Water and Burning'!D67 -> 3.1615 | E81: ='Water and Burning'!E67 -> 19.866677 | F81: ='Water and Burning'!F67 -> 3.0645 | G81: ='Water and Burning'!G67 -> 3.0681638 | H81: ='Water and Burning'!H67 -> 4.0275 | I81: ='Water and Burning'!I67 -> 3.152 | J81: ='Water and Burning'!J67 -> 21.738051 | ... L81: ='Water and Burning'!L67 -> 3.5215736
B82: C | C82: ='Water and Burning'!C68 -> 4.016 | D82: ='Water and Burning'!D68 -> 3.2129 | E82: ='Water and Burning'!E68 -> 19.99751 | F82: ='Water and Burning'!F68 -> 3.1137 | G82: ='Water and Burning'!G68 -> 3.0875533 | H82: ='Water and Burning'!H68 -> 3.9538 | I82: ='Water and Burning'!I68 -> 3.0868 | J82: ='Water and Burning'!J68 -> 21.928272 | ... L82: ='Water and Burning'!L68 -> 3.4858105
B83: D | C83: ='Water and Burning'!C69 -> 3.9229 | D83: ='Water and Burning'!D69 -> 3.137 | E83: ='Water and Burning'!E69 -> 20.033649 | F83: ='Water and Burning'!F69 -> 3.0399 | G83: ='Water and Burning'!G69 -> 3.095314 | H83: ='Water and Burning'!H69 -> 3.9205 | I83: ='Water and Burning'!I69 -> 3.0742 | J83: ='Water and Burning'!J69 -> 21.586532 | ... L83: ='Water and Burning'!L69 -> 3.4773274
B84: E | C84: ='Water and Burning'!C70 -> 3.9847 | D84: ='Water and Burning'!D70 -> 3.1749 | E84: ='Water and Burning'!E70 -> 20.322734 | F84: ='Water and Burning'!F70 -> 3.0762 | G84: ='Water and Burning'!G70 -> 3.1087593 | H84: ='Water and Burning'!H70 -> 3.9815 | I84: ='Water and Burning'!I70 -> 3.0961 | J84: ='Water and Burning'!J70 -> 22.23785 | ... L84: ='Water and Burning'!L70 -> 3.4721101
B85: F | C85: ='Water and Burning'!C71 -> 4.001 | D85: ='Water and Burning'!D71 -> 3.196 | E85: ='Water and Burning'!E71 -> 20.11997 | F85: ='Water and Burning'!F71 -> 3.0968 | G85: ='Water and Burning'!G71 -> 3.1038798 | H85: ='Water and Burning'!H71 -> 3.9418 | I85: ='Water and Burning'!I71 -> 3.0808 | J85: ='Water and Burning'!J71 -> 21.842813 | ... L85: ='Water and Burning'!L71 -> 3.5153207
B86: G | C86: ='Water and Burning'!C72 -> 3.9252 | D86: ='Water and Burning'!D72 -> 3.1484 | E86: ='Water and Burning'!E72 -> 19.790074 | F86: ='Water and Burning'!F72 -> 3.0495 | G86: ='Water and Burning'!G72 -> 3.1412781 | H86: ='Water and Burning'!H72 -> 3.9287 | I86: ='Water and Burning'!I72 -> 3.0678 | J86: ='Water and Burning'!J72 -> 21.913101 | ... L86: ='Water and Burning'!L72 -> 3.5204381
A87: Average | C87: =AVERAGE(C80:C86) -> 3.9757571 | D87: =AVERAGE(D80:D86) -> 3.1805286 | E87: =AVERAGE(E80:E86) -> 20.001524 | F87: =AVERAGE(F80:F86) -> 3.0819 | G87: =AVERAGE(G80:G86) -> 3.1010472 | H87: =AVERAGE(H80:H86) -> 3.9692143 | I87: =AVERAGE(I80:I86) -> 3.1018286 | J87: =AVERAGE(J80:J86) -> 21.852842 | ... L87: =AVERAGE(L80:L86) -> 3.5028861
A88: STDEV | C88: =STDEV(C80:C86) -> 0.044995661 | D88: =STDEV(D80:D86) -> 0.035026833 | E88: =STDEV(E80:E86) -> 0.1806945 | F88: =STDEV(F80:F86) -> 0.034065868 | G88: =STDEV(G80:G86) -> 0.022301262 | H88: =STDEV(H80:H86) -> 0.045336315 | I88: =STDEV(I80:I86) -> 0.036462708 | J88: =STDEV(J80:J86) -> 0.20758062 | ... L88: =STDEV(L80:L86) -> 0.023508014
A89: 1030 °C | B89: Av-Raw (#2) | H89: Av-ED (#2)
B90: Prøve | C90: (g) våd | D90: (g) efter 105° | E90: %vandindhold | F90: (g) efter 1030°C | G90: % tab efter 1030 | H90: (g) våd | I90: (g) efter 105° | J90: %vandindhold | K90: (g) efter 1030°C | L90: % tab efter 1030
A91: #0250 | B91: A | C91: ='Water and Burning'!C75 -> 3.8745 | D91: ='Water and Burning'!D75 -> 3.0833 | E91: ='Water and Burning'!E75 -> 20.420699 | F91: ='Water and Burning'!F75 -> 2.8808 | G91: ='Water and Burning'!G75 -> 6.5676386 | H91: ='Water and Burning'!H75 -> 3.914 | I91: ='Water and Burning'!I75 -> 3.08 | J91: ='Water and Burning'!J75 -> 21.308125 | ... L91: ='Water and Burning'!L75 -> 6.9772727
B92: B | C92: ='Water and Burning'!C76 -> 3.9546 | D92: ='Water and Burning'!D76 -> 3.1233 | E92: ='Water and Burning'!E76 -> 21.021089 | F92: ='Water and Burning'!F76 -> 2.9189 | G92: ='Water and Burning'!G76 -> 6.5443601 | H92: ='Water and Burning'!H76 -> 3.9703 | I92: ='Water and Burning'!I76 -> 3.1066 | J92: ='Water and Burning'!J76 -> 21.754024 | ... L92: ='Water and Burning'!L76 -> 6.9368441
B93: C | C93: ='Water and Burning'!C77 -> 3.8835 | D93: ='Water and Burning'!D77 -> 3.0642 | E93: ='Water and Burning'!E77 -> 21.096949 | F93: ='Water and Burning'!F77 -> 2.8647 | G93: ='Water and Burning'!G77 -> 6.5106716 | H93: ='Water and Burning'!H77 -> 4.0591 | I93: ='Water and Burning'!I77 -> 3.1782 | J93: ='Water and Burning'!J77 -> 21.701855 | ... L93: ='Water and Burning'!L77 -> 6.9662073
B94: D | C94: ='Water and Burning'!C78 -> 3.8137 | D94: ='Water and Burning'!D78 -> 3.0071 | E94: ='Water and Burning'!E78 -> 21.150064 | F94: ='Water and Burning'!F78 -> 2.8108 | G94: ='Water and Burning'!G78 -> 6.527884 | H94: ='Water and Burning'!H78 -> 4.0277 | I94: ='Water and Burning'!I78 -> 3.1459 | J94: ='Water and Burning'!J78 -> 21.893388 | ... L94: ='Water and Burning'!L78 -> 6.9391907
B95: E | C95: ='Water and Burning'!C79 -> 3.8866 | D95: ='Water and Burning'!D79 -> 3.0649 | E95: ='Water and Burning'!E79 -> 21.141872 | F95: ='Water and Burning'!F79 -> 2.8643 | G95: ='Water and Burning'!G79 -> 6.5450749 | H95: ='Water and Burning'!H79 -> 3.9724 | I95: ='Water and Burning'!I79 -> 3.1116 | J95: ='Water and Burning'!J79 -> 21.66952 | ... L95: ='Water and Burning'!L79 -> 6.9192698
B96: F | C96: ='Water and Burning'!C80 -> 4.0012 | D96: ='Water and Burning'!D80 -> 3.1494 | E96: ='Water and Burning'!E80 -> 21.288613 | F96: ='Water and Burning'!F80 -> 2.9423 | G96: ='Water and Burning'!G80 -> 6.5758557 | H96: ='Water and Burning'!H80 -> 3.9409 | I96: ='Water and Burning'!I80 -> 3.0878 | J96: ='Water and Burning'!J80 -> 21.647339 | ... L96: ='Water and Burning'!L80 -> 7.0211801
B97: G | C97: ='Water and Burning'!C81 -> 3.9088 | D97: ='Water and Burning'!D81 -> 3.0851 | E97: ='Water and Burning'!E81 -> 21.072964 | F97: ='Water and Burning'!F81 -> 2.8821 | G97: ='Water and Burning'!G81 -> 6.5800136 | H97: ='Water and Burning'!H81 -> 4.0325 | I97: ='Water and Burning'!I81 -> 3.1623 | J97: ='Water and Burning'!J81 -> 21.579665 | ... L97: ='Water and Burning'!L81 -> 7.567277
A98: Average | C98: =AVERAGE(C91:C97) -> 3.9032714 | D98: =AVERAGE(D91:D97) -> 3.0824714 | E98: =AVERAGE(E91:E97) -> 21.027464 | F98: =AVERAGE(F91:F97) -> 2.8805571 | G98: =AVERAGE(G91:G97) -> 6.5502141 | H98: =AVERAGE(H91:H97) -> 3.9881286 | I98: =AVERAGE(I91:I97) -> 3.1246286 | J98: =AVERAGE(J91:J97) -> 21.650559 | ... L98: =AVERAGE(L91:L97) -> 7.0467488
A99: STDEV | C99: =STDEV(C91:C97) -> 0.060242391 | D99: =STDEV(D91:D97) -> 0.045602365 | E99: =STDEV(E91:E97) -> 0.28030377 | F99: =STDEV(F91:F97) -> 0.042163565 | G99: =STDEV(G91:G97) -> 0.025729479 | H99: =STDEV(H91:H97) -> 0.053013354 | I99: =STDEV(I91:I97) -> 0.037824891 | J99: =STDEV(J91:J97) -> 0.18025877 | ... L99: =STDEV(L91:L97) -> 0.23195397
A100: #0252 | B100: A | C100: ='Water and Burning'!C82 -> 4.0208 | D100: ='Water and Burning'!D82 -> 3.1991 | E100: ='Water and Burning'!E82 -> 20.436232 | F100: ='Water and Burning'!F82 -> 3.1001 | G100: ='Water and Burning'!G82 -> 3.0946204 | H100: ='Water and Burning'!H82 -> 3.9422 | I100: ='Water and Burning'!I82 -> 3.0856 | J100: ='Water and Burning'!J82 -> 21.728984 | ... L100: ='Water and Burning'!L82 -> 3.445035
B101: B | C101: ='Water and Burning'!C83 -> 3.9373 | D101: ='Water and Burning'!D83 -> 3.1078 | E101: ='Water and Burning'!E83 -> 21.067737 | F101: ='Water and Burning'!F83 -> 3.012 | G101: ='Water and Burning'!G83 -> 3.0825664 | H101: ='Water and Burning'!H83 -> 3.9522 | I101: ='Water and Burning'!I83 -> 3.0913 | J101: ='Water and Burning'!J83 -> 21.782805 | ... L101: ='Water and Burning'!L83 -> 3.4645618
B102: C | C102: ='Water and Burning'!C84 -> 4.0327 | D102: ='Water and Burning'!D84 -> 3.1807 | E102: ='Water and Burning'!E84 -> 21.127284 | F102: ='Water and Burning'!F84 -> 3.0828 | G102: ='Water and Burning'!G84 -> 3.0779388 | H102: ='Water and Burning'!H84 -> 4.01 | I102: ='Water and Burning'!I84 -> 3.1386 | J102: ='Water and Burning'!J84 -> 21.730673 | ... L102: ='Water and Burning'!L84 -> 3.4569553
B103: D | C103: ='Water and Burning'!C85 -> 3.9979 | D103: ='Water and Burning'!D85 -> 3.157 | E103: ='Water and Burning'!E85 -> 21.033543 | F103: ='Water and Burning'!F85 -> 3.0597 | G103: ='Water and Burning'!G85 -> 3.0820399 | H103: ='Water and Burning'!H85 -> 3.9134 | I103: ='Water and Burning'!I85 -> 3.0561 | J103: ='Water and Burning'!J85 -> 21.906782 | ... L103: ='Water and Burning'!L85 -> 3.4324793
B104: E | C104: ='Water and Burning'!C86 -> 4.015 | D104: ='Water and Burning'!D86 -> 3.1707 | E104: ='Water and Burning'!E86 -> 21.028643 | F104: ='Water and Burning'!F86 -> 3.0719 | G104: ='Water and Burning'!G86 -> 3.1160312 | H104: ='Water and Burning'!H86 -> 4.0831 | I104: ='Water and Burning'!I86 -> 3.1936 | J104: ='Water and Burning'!J86 -> 21.784918 | ... L104: ='Water and Burning'!L86 -> 3.4193387
...

Sheet W&B Figures 2
B3: =[1]Mixing!B3 -> 0
B5: Vandinhold % | E5: STDEV | H5: Loss of mass after firing | K5: STDEV
B6: 1020 | C6: 1030 | D6: 1050 | E6: 1020 | F6: 1030 | G6: 1050 | H6: 1020 | I6: 1030 | J6: 1050 | K6: 1020 | L6: 1030 | M6: 1050 | N6: average | Q6: max | R6: min
A7: Y-Ref | B7: ='W&B Figures'!E16 -> 18.446593 | C7: ='W&B Figures'!E36 -> 18.108131 | D7: ='W&B Figures'!E56 -> 19.701242 | E7: ='W&B Figures'!E17 -> 0.19137201 | F7: ='W&B Figures'!E37 -> 0.41715112 | G7: ='W&B Figures'!E57 -> 0.15841409 | H7: ='W&B Figures'!G16 -> 9.1231895 | I7: ='W&B Figures'!G36 -> 8.9212186 | J7: ='W&B Figures'!G56 -> 9.2894608 | K7: ='W&B Figures'!G17 -> 0.062078803 | L7: ='W&B Figures'!G37 -> 0.060899029 | M7: ='W&B Figures'!G57 -> 0.040432999 | N7: =AVERAGE(H7:J7) -> 9.1112896 | Q7: =MAX(H7:J7) -> 9.2894608 | R7: =MIN(H7:J7) -> 8.9212186
A8: Y-P1-Raw | B8: ='W&B Figures'!E78 -> 19.402666 | C8: ='W&B Figures'!E98 -> 21.027464 | D8: ='W&B Figures'!E118 -> 19.611601 | E8: ='W&B Figures'!E79 -> 0.24698669 | F8: ='W&B Figures'!E99 -> 0.28030377 | G8: ='W&B Figures'!E119 -> 0.3524771 | H8: ='W&B Figures'!G78 -> 6.5542372 | I8: ='W&B Figures'!G98 -> 6.5502141 | J8: ='W&B Figures'!G118 -> 6.8347129 | K8: ='W&B Figures'!G79 -> 0.012315588 | L8: ='W&B Figures'!G99 -> 0.025729479 | M8: ='W&B Figures'!G119 -> 0.12273536 | N8: =AVERAGE(H8:J8) -> 6.646388 | Q8: =MAX(H8:J12) -> 7.279169 | R8: =MIN(H8:J12) -> 6.5502141
A9: Y-P1-ED | B9: ='W&B Figures'!J78 -> 21.072367 | C9: ='W&B Figures'!J98 -> 21.650559 | D9: ='W&B Figures'!J118 -> 20.379121 | E9: ='W&B Figures'!J79 -> 0.30535566 | F9: ='W&B Figures'!J99 -> 0.18025877 | G9: ='W&B Figures'!J119 -> 0.24241124 | H9: ='W&B Figures'!L78 -> 6.9373839 | I9: ='W&B Figures'!L98 -> 7.0467488 | J9: ='W&B Figures'!L118 -> 7.279169 | K9: ='W&B Figures'!L79 -> 0.026267862 | L9: ='W&B Figures'!L99 -> 0.23195397 | M9: ='W&B Figures'!L119 -> 0.04479169 | N9: =AVERAGE(H9:J9) -> 7.0877672
A10: Y-P2-Raw | B10: ='W&B Figures'!E140 -> 19.804261 | C10: ='W&B Figures'!E160 -> 20.041631 | D10: ='W&B Figures'!E180 -> 19.808465 | E10: ='W&B Figures'!E141 -> 0.36183623 | F10: ='W&B Figures'!E161 -> 0.17309335 | G10: ='W&B Figures'!E181 -> 0.17490107 | H10: ='W&B Figures'!G140 -> 6.6909288 | I10: ='W&B Figures'!G160 -> 6.6204161 | J10: ='W&B Figures'!G180 -> 6.6907755 | K10: ='W&B Figures'!G141 -> 0.0090551407 | L10: ='W&B Figures'!G161 -> 0.033515095 | M10: ='W&B Figures'!G181 -> 0.024817095 | N10: =AVERAGE(H10:J10) -> 6.6673735 | Q10: =Q7-Q8 -> 2.0102919 | R10: =Q7-R8 -> 2.7392468
A11: Y-P2-ED | B11: ='W&B Figures'!J140 -> 21.394823 | C11: ='W&B Figures'!J160 -> 21.909682 | D11: ='W&B Figures'!J180 -> 21.420704 | E11: ='W&B Figures'!J141 -> 0.12058988 | F11: ='W&B Figures'!J161 -> 0.18842798 | G11: ='W&B Figures'!J181 -> 0.19692463 | H11: ='W&B Figures'!L140 -> 6.9732606 | I11: ='W&B Figures'!L160 -> 6.8771432 | J11: ='W&B Figures'!L180 -> 6.8810901 | K11: ='W&B Figures'!L141 -> 0.029071745 | L11: ='W&B Figures'!L161 -> 0.038928799 | M11: ='W&B Figures'!L181 -> 0.044620643 | N11: =AVERAGE(H11:J11) -> 6.910498
A12: Y-P2-A2P | B12: ='W&B Figures'!J16 -> 22.477588 | C12: ='W&B Figures'!J36 -> 21.814393 | D12: ='W&B Figures'!J56 -> 21.626469 | E12: ='W&B Figures'!J17 -> 0.19608283 | F12: ='W&B Figures'!J37 -> 0.16552555 | G12: ='W&B Figures'!J57 -> 0.223508 | H12: ='W&B Figures'!L16 -> 6.9438271 | I12: ='W&B Figures'!L36 -> 6.9440567 | J12: ='W&B Figures'!L56 -> 7.1721413 | K12: ='W&B Figures'!L17 -> 0.032139976 | L12: ='W&B Figures'!L37 -> 0.045336526 | M12: ='W&B Figures'!L57 -> 0.019746367 | N12: =AVERAGE(H12:J12) -> 7.0200084
A13: R-Ref | B13: ='W&B Figures'!E25 -> 19.139766 | C13: ='W&B Figures'!E45 -> 18.866466 | D13: ='W&B Figures'!E65 -> 19.925669 | E13: ='W&B Figures'!E26 -> 0.13666315 | F13: ='W&B Figures'!E46 -> 0.16284379 | G13: ='W&B Figures'!E66 -> 0.23524599 | H13: ='W&B Figures'!G25 -> 3.8601736 | I13: ='W&B Figures'!G45 -> 3.8123777 | J13: ='W&B Figures'!G65 -> 3.7759503 | K13: ='W&B Figures'!G26 -> 0.023676895 | L13: ='W&B Figures'!G46 -> 0.023326106 | M13: ='W&B Figures'!G66 -> 0.0087451197 | N13: =AVERAGE(H13:J13) -> 3.8161672 | Q13: =MAX(H13:J13) -> 3.8601736 | R13: =MIN(H13:J13) -> 3.7759503
A14: R-P1-Raw | B14: ='W&B Figures'!E87 -> 20.001524 | C14: ='W&B Figures'!E107 -> 20.91797 | D14: ='W&B Figures'!E127 -> 20.453478 | E14: ='W&B Figures'!E88 -> 0.1806945 | F14: ='W&B Figures'!E108 -> 0.24623101 | G14: ='W&B Figures'!E128 -> 0.12103317 | H14: ='W&B Figures'!G87 -> 3.1010472 | I14: ='W&B Figures'!G107 -> 3.0937416 | J14: ='W&B Figures'!G127 -> 3.2511317 | K14: ='W&B Figures'!G88 -> 0.022301262 | L14: ='W&B Figures'!G108 -> 0.013721388 | M14: ='W&B Figures'!G128 -> 0.015607549 | N14: =AVERAGE(H14:J14) -> 3.1486402 | Q14: =MAX(H14:J18) -> 3.6731045 | R14: =MIN(H14:J18) -> 3.0937416
A15: R-P1-ED | B15: ='W&B Figures'!J87 -> 21.852842 | C15: ='W&B Figures'!J107 -> 21.748573 | D15: ='W&B Figures'!J127 -> 20.954892 | E15: ='W&B Figures'!J88 -> 0.20758062 | F15: ='W&B Figures'!J108 -> 0.091419691 | G15: ='W&B Figures'!J128 -> 0.14609452 | H15: ='W&B Figures'!L87 -> 3.5028861 | I15: ='W&B Figures'!L107 -> 3.4396386 | J15: ='W&B Figures'!L127 -> 3.6731045 | K15: ='W&B Figures'!L88 -> 0.023508014 | L15: ='W&B Figures'!L108 -> 0.020090044 | M15: ='W&B Figures'!L128 -> 0.020124096 | N15: =AVERAGE(H15:J15) -> 3.5385431
A16: R-P2-Raw | B16: ='W&B Figures'!E149 -> 20.789017 | C16: ='W&B Figures'!E169 -> 20.623607 | D16: ='W&B Figures'!E189 -> 20.508361 | E16: ='W&B Figures'!E150 -> 0.16955189 | F16: ='W&B Figures'!E170 -> 0.19672489 | G16: ='W&B Figures'!E190 -> 0.1950543 | H16: ='W&B Figures'!G149 -> 3.1811591 | I16: ='W&B Figures'!G169 -> 3.1919325 | J16: ='W&B Figures'!G189 -> 3.226248 | K16: ='W&B Figures'!G150 -> 0.013283684 | L16: ='W&B Figures'!G170 -> 0.023272235 | M16: ='W&B Figures'!G190 -> 0.029407907 | N16: =AVERAGE(H16:J16) -> 3.1997799 | Q16: =Q13-Q14 -> 0.18706905 | R16: =Q13-R14 -> 0.76643193
A17: R-P2-ED | B17: ='W&B Figures'!J149 -> 21.165692 | C17: ='W&B Figures'!J169 -> 21.316685 | D17: ='W&B Figures'!J189 -> 21.242149 | E17: ='W&B Figures'!J150 -> 0.30535238 | F17: ='W&B Figures'!J170 -> 0.071505224 | G17: ='W&B Figures'!J190 -> 0.18414723 | H17: ='W&B Figures'!L149 -> 3.303279 | I17: ='W&B Figures'!L169 -> 3.3091997 | J17: ='W&B Figures'!L189 -> 3.3191854 | K17: ='W&B Figures'!L150 -> 0.024748617 | L17: ='W&B Figures'!L170 -> 0.02383056 | M17: ='W&B Figures'!L190 -> 0.033672459 | N17: =AVERAGE(H17:J17) -> 3.3105547
A18: R-P2-A2P | B18: ='W&B Figures'!J25 -> 22.558824 | C18: ='W&B Figures'!J45 -> 22.151142 | D18: ='W&B Figures'!J65 -> 22.764289 | E18: ='W&B Figures'!J26 -> 0.14145917 | F18: ='W&B Figures'!J46 -> 0.18005964 | G18: ='W&B Figures'!J66 -> 0.30107126 | H18: ='W&B Figures'!L25 -> 3.3329064 | I18: ='W&B Figures'!L45 -> 3.2559847 | J18: ='W&B Figures'!L65 -> 3.272168 | K18: ='W&B Figures'!L26 -> 0.02001208 | L18: ='W&B Figures'!L46 -> 0.021743058 | M18: ='W&B Figures'!L66 -> 0.020193584 | N18: =AVERAGE(H18:J18) -> 3.2870197

Sheet High and Diameter
A1: High and diameter
A3: sample name: | B3: =[1]Mixing!B3 -> 0
A4: Date:
A5: Made by:
A7: Ref #4 | B7: efter 105°C | L7: Ref #4 | M7: Ref efter 1020°C
B8: Prøve | C8: diameter 1 | D8: diameter 2 | E8: diameter 3 | F8: gennemsnit | G8: højde 1 | H8: højde 2 | I8: højde 3 | J8: gennemsnit | K8: Vol | M8: Prøve | N8: diameter 1 | O8: diameter 2 | P8: diameter 3 | Q8: gennemsnit | R8: højde 1 | S8: højde 2 | T8: højde 3 | U8: gennemsnit | V8: Vol | W8: Shrinkage D [%] | X8: Shrinkage h [%] | Y8: Shrinkage [%]
A9: #0250 | B9: Reference A | C9: 18.66 | D9: 18.55 | E9: 18.61 | F9: =AVERAGE(C9:E9) -> 18.606667 | G9: 5.98 | H9: 5.99 | I9: 6.17 | J9: =AVERAGE(G9:I9) -> 6.0466667 | K9: =PI()*((F9/2)^2)*J9 -> 1644.1562 | L9: #0250 | M9: Reference A | N9: 18.61 | O9: 18.63 | P9: 18.69 | Q9: =AVERAGE(N9:P9) -> 18.643333 | R9: 6.13 | S9: 6.02 | T9: 6 | U9: =AVERAGE(R9:T9) -> 6.05 | V9: =PI()*((Q9/2)^2)*U9 -> 1651.5525 | W9: =((F9-Q9)/F9)*100 -> -0.19706198 | X9: =((J9-U9)/J9)*100 -> -0.055126792 | Y9: =((K9-V9)/K9)*100 -> -0.44985658
B10: Reference B | C10: 18.65 | D10: 18.55 | E10: 18.54 | F10: =AVERAGE(C10:E10) -> 18.58 | G10: 6.11 | H10: 6.09 | I10: 6.06 | J10: =AVERAGE(G10:I10) -> 6.0866667 | K10: =PI()*((F10/2)^2)*J10 -> 1650.2921 | M10: Reference B | N10: 18.56 | O10: 18.72 | P10: 18.62 | Q10: =AVERAGE(N10:P10) -> 18.633333 | R10: 6.1 | S10: 6.14 | T10: 6.16 | U10: =AVERAGE(R10:T10) -> 6.1333333 | V10: =PI()*((Q10/2)^2)*U10 -> 1672.5055 | W10: =((F10-Q10)/F10)*100 -> -0.287047 | X10: =((J10-U10)/J10)*100 -> -0.76670318 | Y10: =((K10-V10)/K10)*100 -> -1.3460291
B11: Reference C | C11: 18.62 | D11: 18.55 | E11: 18.64 | F11: =AVERAGE(C11:E11) -> 18.603333 | G11: 5.97 | H11: 6.14 | I11: 6.02 | J11: =AVERAGE(G11:I11) -> 6.0433333 | K11: =PI()*((F11/2)^2)*J11 -> 1642.6611 | M11: Reference C | N11: 18.6 | O11: 18.55 | P11: 18.55 | Q11: =AVERAGE(N11:P11) -> 18.566667 | R11: 6.05 | S11: 6.01 | T11: 6.04 | U11: =AVERAGE(R11:T11) -> 6.0333333 | V11: =PI()*((Q11/2)^2)*U11 -> 1633.4847 | W11: =((F11-Q11)/F11)*100 -> 0.19709729 | X11: =((J11-U11)/J11)*100 -> 0.16547159 | Y11: =((K11-V11)/K11)*100 -> 0.55862607
B12: Reference D | C12: 18.79 | D12: 18.44 | E12: 18.79 | F12: =AVERAGE(C12:E12) -> 18.673333 | G12: 6.12 | H12: 6.06 | I12: 6.16 | J12: =AVERAGE(G12:I12) -> 6.1133333 | K12: =PI()*((F12/2)^2)*J12 -> 1674.2167 | M12: Reference D | N12: 18.76 | O12: 18.7 | P12: 18.44 | Q12: =AVERAGE(N12:P12) -> 18.633333 | R12: 6.13 | S12: 6.16 | T12: 6.13 | U12: =AVERAGE(R12:T12) -> 6.14 | V12: =PI()*((Q12/2)^2)*U12 -> 1674.3234 | W12: =((F12-Q12)/F12)*100 -> 0.21420921 | X12: =((J12-U12)/J12)*100 -> -0.43620502 | Y12: =((K12-V12)/K12)*100 -> -0.0063786691
B13: Reference E | C13: 18.44 | D13: 18.7 | E13: 18.42 | F13: =AVERAGE(C13:E13) -> 18.52 | G13: 6.39 | H13: 6.19 | I13: 6.08 | J13: =AVERAGE(G13:I13) -> 6.22 | K13: =PI()*((F13/2)^2)*J13 -> 1675.5687 | M13: Reference E | N13: 18.77 | O13: 18.62 | P13: 18.79 | Q13: =AVERAGE(N13:P13) -> 18.726667 | R13: 6.15 | S13: 6.16 | T13: 6.22 | U13: =AVERAGE(R13:T13) -> 6.1766667 | V13: =PI()*((Q13/2)^2)*U13 -> 1701.2377 | W13: =((F13-Q13)/F13)*100 -> -1.1159107 | X13: =((J13-U13)/J13)*100 -> 0.69667738 | Y13: =((K13-V13)/K13)*100 -> -1.5319613
B14: Reference F | C14: 18.57 | D14: 18.61 | E14: 18.56 | F14: =AVERAGE(C14:E14) -> 18.58 | G14: 6.13 | H14: 6.08 | I14: 6.21 | J14: =AVERAGE(G14:I14) -> 6.14 | K14: =PI()*((F14/2)^2)*J14 -> 1664.7525 | M14: Reference F | N14: 18.52 | O14: 18.63 | P14: 18.71 | Q14: =AVERAGE(N14:P14) -> 18.62 | R14: 6.12 | S14: 6.19 | T14: 6.22 | U14: =AVERAGE(R14:T14) -> 6.1766667 | V14: =PI()*((Q14/2)^2)*U14 -> 1681.9125 | W14: =((F14-Q14)/F14)*100 -> -0.21528525 | X14: =((J14-U14)/J14)*100 -> -0.59717698 | Y14: =((K14-V14)/K14)*100 -> -1.030785
B15: Reference G | C15: 18.71 | D15: 18.64 | E15: 18.76 | F15: =AVERAGE(C15:E15) -> 18.703333 | G15: 6.08 | H15: 6.12 | I15: 6.17 | J15: =AVERAGE(G15:I15) -> 6.1233333 | K15: =PI()*((F15/2)^2)*J15 -> 1682.3479 | M15: Reference G | N15: 18.63 | O15: 18.8 | P15: 18.53 | Q15: =AVERAGE(N15:P15) -> 18.653333 | R15: 6.17 | S15: 6.1 | T15: 6.1 | U15: =AVERAGE(R15:T15) -> 6.1233333 | V15: =PI()*((Q15/2)^2)*U15 -> 1673.365 | W15: =((F15-Q15)/F15)*100 -> 0.26733203 | X15: =((J15-U15)/J15)*100 -> 0 | Y15: =((K15-V15)/K15)*100 -> 0.53394939
A16: #0252 | B16: Reference A | C16: 18.5 | D16: 18.54 | E16: 18.5 | F16: =AVERAGE(C16:E16) -> 18.513333 | G16: 6.4 | H16: 6.29 | I16: 6.25 | J16: =AVERAGE(G16:I16) -> 6.3133333 | K16: =PI()*((F16/2)^2)*J16 -> 1699.487 | L16: #0252 | M16: Reference A | N16: 18.53 | O16: 18.62 | P16: 18.5 | Q16: =AVERAGE(N16:P16) -> 18.55 | R16: 6.33 | S16: 6.38 | T16: 6.43 | U16: =AVERAGE(R16:T16) -> 6.38 | V16: =PI()*((Q16/2)^2)*U16 -> 1724.2427 | W16: =((F16-Q16)/F16)*100 -> -0.19805546 | X16: =((J16-U16)/J16)*100 -> -1.0559662 | Y16: =((K16-V16)/K16)*100 -> -1.4566563
B17: Reference B | C17: 18.54 | D17: 18.56 | E17: 18.56 | F17: =AVERAGE(C17:E17) -> 18.553333 | G17: 6.29 | H17: 6.25 | I17: 6.2 | J17: =AVERAGE(G17:I17) -> 6.2466667 | K17: =PI()*((F17/2)^2)*J17 -> 1688.8151 | M17: Reference B | N17: 18.55 | O17: 18.38 | P17: 18.51 | Q17: =AVERAGE(N17:P17) -> 18.48 | R17: 6.37 | S17: 6.38 | T17: 6.32 | U17: =AVERAGE(R17:T17) -> 6.3566667 | V17: =PI()*((Q17/2)^2)*U17 -> 1704.9956 | W17: =((F17-Q17)/F17)*100 -> 0.39525692 | X17: =((J17-U17)/J17)*100 -> -1.7609392 | Y17: =((K17-V17)/K17)*100 -> -0.95809466
B18: Reference C | C18: 18.47 | D18: 18.52 | E18: 18.48 | F18: =AVERAGE(C18:E18) -> 18.49 | G18: 6.36 | H18: 6.66 | I18: 6.5 | J18: =AVERAGE(G18:I18) -> 6.5066667 | K18: =PI()*((F18/2)^2)*J18 -> 1747.1181 | M18: Reference C | N18: 18.55 | O18: 18.52 | P18: 18.47 | Q18: =AVERAGE(N18:P18) -> 18.513333 | R18: 6.61 | S18: 6.62 | T18: 6.52 | U18: =AVERAGE(R18:T18) -> 6.5833333 | V18: =PI()*((Q18/2)^2)*U18 -> 1772.1683 | W18: =((F18-Q18)/F18)*100 -> -0.12619434 | X18: =((J18-U18)/J18)*100 -> -1.1782787 | Y18: =((K18-V18)/K18)*100 -> -1.4338023
B19: Reference D | C19: 18.42 | D19: 18.55 | E19: 18.48 | F19: =AVERAGE(C19:E19) -> 18.483333 | G19: 6.19 | H19: 6.26 | I19: 6.32 | J19: =AVERAGE(G19:I19) -> 6.2566667 | K19: =PI()*((F19/2)^2)*J19 -> 1678.7789 | M19: Reference D | N19: 18.43 | O19: 18.6 | P19: 18.37 | Q19: =AVERAGE(N19:P19) -> 18.466667 | R19: 6.34 | S19: 6.3 | T19: 6.36 | U19: =AVERAGE(R19:T19) -> 6.3333333 | V19: =PI()*((Q19/2)^2)*U19 -> 1696.2867 | W19: =((F19-Q19)/F19)*100 -> 0.090171326 | X19: =((J19-U19)/J19)*100 -> -1.2253596 | Y19: =((K19-V19)/K19)*100 -> -1.0428894
B20: Reference E | C20: 18.38 | D20: 18.62 | E20: 18.41 | F20: =AVERAGE(C20:E20) -> 18.47 | G20: 6.15 | H20: 6.1 | I20: 6.01 | J20: =AVERAGE(G20:I20) -> 6.0866667 | K20: =PI()*((F20/2)^2)*J20 -> 1630.8093 | M20: Reference E | N20: 18.68 | O20: 18.4 | P20: 18.65 | Q20: =AVERAGE(N20:P20) -> 18.576667 | R20: 6.14 | S20: 6.08 | T20: 6.22 | U20: =AVERAGE(R20:T20) -> 6.1466667 | V20: =PI()*((Q20/2)^2)*U20 -> 1665.9621 | W20: =((F20-Q20)/F20)*100 -> -0.57751308 | X20: =((J20-U20)/J20)*100 -> -0.98576123 | Y20: =((K20-V20)/K20)*100 -> -2.1555413
B21: Reference F | C21: 18.48 | D21: 18.56 | E21: 18.45 | F21: =AVERAGE(C21:E21) -> 18.496667 | G21: 6.11 | H21: 6.13 | I21: 6.07 | J21: =AVERAGE(G21:I21) -> 6.1033333 | K21: =PI()*((F21/2)^2)*J21 -> 1640.0002 | M21: Reference F | N21: 18.55 | O21: 18.55 | P21: 18.62 | Q21: =AVERAGE(N21:P21) -> 18.573333 | R21: 6.17 | S21: 6.22 | T21: 6.25 | U21: =AVERAGE(R21:T21) -> 6.2133333 | V21: =PI()*((Q21/2)^2)*U21 -> 1683.4268 | W21: =((F21-Q21)/F21)*100 -> -0.4144891 | X21: =((J21-U21)/J21)*100 -> -1.8022938 | Y21: =((K21-V21)/K21)*100 -> -2.6479616
B22: Reference G | C22: 18.49 | D22: 18.68 | E22: 18.54 | F22: =AVERAGE(C22:E22) -> 18.57 | G22: 6.11 | H22: 6.03 | I22: 6.06 | J22: =AVERAGE(G22:I22) -> 6.0666667 | K22: =PI()*((F22/2)^2)*J22 -> 1643.0993 | M22: Reference G | N22: 18.43 | O22: 18.76 | P22: 18.62 | Q22: =AVERAGE(N22:P22) -> 18.603333 | R22: 6.11 | S22: 6.12 | T22: 6.23 | U22: =AVERAGE(R22:T22) -> 6.1533333 | V22: =PI()*((Q22/2)^2)*U22 -> 1672.5606 | W22: =((F22-Q22)/F22)*100 -> -0.17950099 | X22: =((J22-U22)/J22)*100 -> -1.4285714 | Y22: =((K22-V22)/K22)*100 -> -1.7930288
A23: Ref #5 | B23: efter 105°C | L23: Ref #5 | M23: Ref efter 1030°C
B24: Prøve | C24: diameter 1 | D24: diameter 2 | E24: diameter 3 | F24: gennemsnit | G24: højde 1 | H24: højde 2 | I24: højde 3 | J24: gennemsnit | K24: Vol | M24: Prøve | N24: diameter 1 | O24: diameter 2 | P24: diameter 3 | Q24: gennemsnit | R24: højde 1 | S24: højde 2 | T24: højde 3 | U24: gennemsnit | V24: Vol | W24: Shrinkage D [%] | X24: Shrinkage h [%] | Y24: Shrinkage [%]
A25: #0250 | B25: Reference A | C25: 18.71 | D25: 18.6 | E25: 18.61 | F25: =AVERAGE(C25:E25) -> 18.64 | G25: 6.03 | H25: 6.06 | I25: 6.02 | J25: =AVERAGE(G25:I25) -> 6.0366667 | K25: =PI()*((F25/2)^2)*J25 -> 1647.3235 | L25: #0250 | M25: Reference A | N25: 18.57 | O25: 18.71 | P25: 18.56 | Q25: =AVERAGE(N25:P25) -> 18.613333 | R25: 6.06 | S25: 6.05 | T25: 6.11 | U25: =AVERAGE(R25:T25) -> 6.0733333 | V25: =PI()*((Q25/2)^2)*U25 -> 1652.5907 | W25: =((F25-Q25)/F25)*100 -> 0.14306152 | X25: =((J25-U25)/J25)*100 -> -0.60739923 | Y25: =((K25-V25)/K25)*100 -> -0.31974419
B26: Reference B | C26: 18.51 | D26: 18.49 | E26: 18.49 | F26: =AVERAGE(C26:E26) -> 18.496667 | G26: 6.14 | H26: 6.24 | I26: 6.13 | J26: =AVERAGE(G26:I26) -> 6.17 | K26: =PI()*((F26/2)^2)*J26 -> 1657.9139 | M26: Reference B | N26: 18.63 | O26: 18.51 | P26: 18.61 | Q26: =AVERAGE(N26:P26) -> 18.583333 | R26: 6.08 | S26: 6.24 | T26: 6.1 | U26: =AVERAGE(R26:T26) -> 6.14 | V26: =PI()*((Q26/2)^2)*U26 -> 1665.3499 | W26: =((F26-Q26)/F26)*100 -> -0.46855289 | X26: =((J26-U26)/J26)*100 -> 0.48622366 | Y26: =((K26-V26)/K26)*100 -> -0.44851044
B27: Reference C | C27: 18.69 | D27: 18.6 | E27: 18.52 | F27: =AVERAGE(C27:E27) -> 18.603333 | G27: 6.01 | H27: 5.96 | I27: 6.07 | J27: =AVERAGE(G27:I27) -> 6.0133333 | K27: =PI()*((F27/2)^2)*J27 -> 1634.5067 | M27: Reference C | N27: 18.75 | O27: 18.42 | P27: 18.71 | Q27: =AVERAGE(N27:P27) -> 18.626667 | R27: 5.96 | S27: 6.07 | T27: 6 | U27: =AVERAGE(R27:T27) -> 6.01 | V27: =PI()*((Q27/2)^2)*U27 -> 1637.7011 | W27: =((F27-Q27)/F27)*100 -> -0.12542555 | X27: =((J27-U27)/J27)*100 -> 0.055432373 | Y27: =((K27-V27)/K27)*100 -> -0.19543691
B28: Reference D | C28: 18.63 | D28: 18.64 | E28: 18.53 | F28: =AVERAGE(C28:E28) -> 18.6 | G28: 6.12 | H28: 6.11 | I28: 6.06 | J28: =AVERAGE(G28:I28) -> 6.0966667 | K28: =PI()*((F28/2)^2)*J28 -> 1656.564 | M28: Reference D | N28: 18.77 | O28: 18.59 | P28: 18.68 | Q28: =AVERAGE(N28:P28) -> 18.68 | R28: 6.09 | S28: 6.16 | T28: 6.06 | U28: =AVERAGE(R28:T28) -> 6.1033333 | V28: =PI()*((Q28/2)^2)*U28 -> 1672.6717 | W28: =((F28-Q28)/F28)*100 -> -0.43010753 | X28: =((J28-U28)/J28)*100 -> -0.10934937 | Y28: =((K28-V28)/K28)*100 -> -0.97235701
B29: Reference E | C29: 18.52 | D29: 18.5 | E29: 18.48 | F29: =AVERAGE(C29:E29) -> 18.5 | G29: 6.28 | H29: 6.12 | I29: 6.24 | J29: =AVERAGE(G29:I29) -> 6.2133333 | K29: =PI()*((F29/2)^2)*J29 -> 1670.1597 | M29: Reference E | N29: 18.63 | O29: 18.62 | P29: 18.43 | Q29: =AVERAGE(N29:P29) -> 18.56 | R29: 6.12 | S29: 6.09 | T29: 6.1 | U29: =AVERAGE(R29:T29) -> 6.1033333 | V29: =PI()*((Q29/2)^2)*U29 -> 1651.2503 | W29: =((F29-Q29)/F29)*100 -> -0.32432432 | X29: =((J29-U29)/J29)*100 -> 1.7703863 | Y29: =((K29-V29)/K29)*100 -> 1.132188
B30: Reference F | C30: 18.56 | D30: 18.73 | E30: 18.45 | F30: =AVERAGE(C30:E30) -> 18.58 | G30: 6.03 | H30: 6.03 | I30: 6.03 | J30: =AVERAGE(G30:I30) -> 6.03 | K30: =PI()*((F30/2)^2)*J30 -> 1634.9279 | M30: Reference F | N30: 18.69 | O30: 18.44 | P30: 18.79 | Q30: =AVERAGE(N30:P30) -> 18.64 | R30: 6.07 | S30: 6.05 | T30: 6.08 | U30: =AVERAGE(R30:T30) -> 6.0666667 | V30: =PI()*((Q30/2)^2)*U30 -> 1655.5101 | W30: =((F30-Q30)/F30)*100 -> -0.32292788 | X30: =((J30-U30)/J30)*100 -> -0.60807076 | Y30: =((K30-V30)/K30)*100 -> -1.2589029
B31: Reference G | C31: 18.58 | D31: 19.29 | E31: 19.46 | F31: =AVERAGE(C31:E31) -> 19.11 | G31: 6.01 | H31: 6.08 | I31: 5.89 | J31: =AVERAGE(G31:I31) -> 5.9933333 | K31: =PI()*((F31/2)^2)*J31 -> 1719.0151 | M31: Reference G | N31: 18.67 | O31: 19.41 | P31: 18.61 | Q31: =AVERAGE(N31:P31) -> 18.896667 | R31: 5.97 | S31: 6.01 | T31: 6.03 | U31: =AVERAGE(R31:T31) -> 6.0033333 | V31: =PI()*((Q31/2)^2)*U31 -> 1683.6536 | W31: =((F31-Q31)/F31)*100 -> 1.116344 | X31: =((J31-U31)/J31)*100 -> -0.16685206 | Y31: =((K31-V31)/K31)*100 -> 2.0570781
A32: #0252 | B32: Reference A | C32: 18.33 | D32: 18.45 | E32: 18.47 | F32: =AVERAGE(C32:E32) -> 18.416667 | G32: 6.34 | H32: 6.64 | I32: 6.44 | J32: =AVERAGE(G32:I32) -> 6.4733333 | K32: =PI()*((F32/2)^2)*J32 -> 1724.4075 | L32: #0252 | M32: Reference A | N32: 18.39 | O32: 18.42 | P32: 18.54 | Q32: =AVERAGE(N32:P32) -> 18.45 | R32: 6.54 | S32: 6.53 | T32: 6.52 | U32: =AVERAGE(R32:T32) -> 6.53 | V32: =PI()*((Q32/2)^2)*U32 -> 1745.8053 | W32: =((F32-Q32)/F32)*100 -> -0.18099548 | X32: =((J32-U32)/J32)*100 -> -0.8753862 | Y32: =((K32-V32)/K32)*100 -> -1.2408764
B33: Reference B | C33: 18.49 | D33: 18.55 | E33: 18.59 | F33: =AVERAGE(C33:E33) -> 18.543333 | G33: 6.33 | H33: 6.37 | I33: 6.34 | J33: =AVERAGE(G33:I33) -> 6.3466667 | K33: =PI()*((F33/2)^2)*J33 -> 1714.0014 | M33: Reference B | N33: 18.52 | O33: 18.48 | P33: 18.47 | Q33: =AVERAGE(N33:P33) -> 18.49 | R33: 6.51 | S33: 6.48 | T33: 6.46 | U33: =AVERAGE(R33:T33) -> 6.4833333 | V33: =PI()*((Q33/2)^2)*U33 -> 1740.8528 | W33: =((F33-Q33)/F33)*100 -> 0.2876146 | X33: =((J33-U33)/J33)*100 -> -2.1533613 | Y33: =((K33-V33)/K33)*100 -> -1.5665904
B34: Reference C | C34: 18.47 | D34: 18.48 | E34: 18.49 | F34: =AVERAGE(C34:E34) -> 18.48 | G34: 6.31 | H34: 6.17 | I34: 6.2 | J34: =AVERAGE(G34:I34) -> 6.2266667 | K34: =PI()*((F34/2)^2)*J34 -> 1670.1268 | M34: Reference C | N34: 18.74 | O34: 18.34 | P34: 18.48 | Q34: =AVERAGE(N34:P34) -> 18.52 | R34: 6.18 | S34: 6.35 | T34: 6.3 | U34: =AVERAGE(R34:T34) -> 6.2766667 | V34: =PI()*((Q34/2)^2)*U34 -> 1690.8338 | W34: =((F34-Q34)/F34)*100 -> -0.21645022 | X34: =((J34-U34)/J34)*100 -> -0.80299786 | Y34: =((K34-V34)/K34)*100 -> -1.2398467
B35: Reference D | C35: 18.54 | D35: 18.6 | E35: 18.53 | F35: =AVERAGE(C35:E35) -> 18.556667 | G35: 6.27 | H35: 6.26 | I35: 6.24 | J35: =AVERAGE(G35:I35) -> 6.2566667 | K35: =PI()*((F35/2)^2)*J35 -> 1692.1265 | M35: Reference D | N35: 18.57 | O35: 18.47 | P35: 18.48 | Q35: =AVERAGE(N35:P35) -> 18.506667 | R35: 6.35 | S35: 6.42 | T35: 6.33 | U35: =AVERAGE(R35:T35) -> 6.3666667 | V35: =PI()*((Q35/2)^2)*U35 -> 1712.6097 | W35: =((F35-Q35)/F35)*100 -> 0.26944494 | X35: =((J35-U35)/J35)*100 -> -1.7581247 | Y35: =((K35-V35)/K35)*100 -> -1.2104992
B36: Reference E | C36: 18.53 | D36: 18.61 | E36: 18.58 | F36: =AVERAGE(C36:E36) -> 18.573333 | G36: 6.21 | H36: 6.12 | I36: 6.25 | J36: =AVERAGE(G36:I36) -> 6.1933333 | K36: =PI()*((F36/2)^2)*J36 -> 1678.0081 | M36: Reference E | N36: 18.5 | O36: 18.57 | P36: 18.64 | Q36: =AVERAGE(N36:P36) -> 18.57 | R36: 6.21 | S36: 6.25 | T36: 6.3 | U36: =AVERAGE(R36:T36) -> 6.2533333 | V36: =PI()*((Q36/2)^2)*U36 -> 1693.6562 | W36: =((F36-Q36)/F36)*100 -> 0.017946877 | X36: =((J36-U36)/J36)*100 -> -0.96878364 | Y36: =((K36-V36)/K36)*100 -> -0.9325454
B37: Reference F | C37: 18.62 | D37: 18.59 | E37: 18.55 | F37: =AVERAGE(C37:E37) -> 18.586667 | G37: 6.23 | H37: 6.21 | I37: 6.29 | J37: =AVERAGE(G37:I37) -> 6.2433333 | K37: =PI()*((F37/2)^2)*J37 -> 1693.9845 | M37: Reference F | N37: 18.45 | O37: 18.67 | P37: 18.67 | Q37: =AVERAGE(N37:P37) -> 18.596667 | R37: 6.28 | S37: 6.38 | T37: 6.35 | U37: =AVERAGE(R37:T37) -> 6.3366667 | V37: =PI()*((Q37/2)^2)*U37 -> 1721.1589 | W37: =((F37-Q37)/F37)*100 -> -0.053802009 | X37: =((J37-U37)/J37)*100 -> -1.4949279 | Y37: =((K37-V37)/K37)*100 -> -1.6041699
B38: Reference G | C38: 18.75 | D38: 18.61 | E38: 18.82 | F38: =AVERAGE(C38:E38) -> 18.726667 | G38: 6.16 | H38: 6.17 | I38: 6.12 | J38: =AVERAGE(G38:I38) -> 6.15 | K38: =PI()*((F38/2)^2)*J38 -> 1693.8929 | M38: Reference G | N38: 18.62 | O38: 18.53 | P38: 18.74 | Q38: =AVERAGE(N38:P38) -> 18.63 | R38: 6.28 | S38: 6.25 | T38: 6.26 | U38: =AVERAGE(R38:T38) -> 6.2633333 | V38: =PI()*((Q38/2)^2)*U38 -> 1707.3443 | W38: =((F38-Q38)/F38)*100 -> 0.51619794 | X38: =((J38-U38)/J38)*100 -> -1.8428184 | Y38: =((K38-V38)/K38)*100 -> -0.79411108
A39: Ref #6 | B39: efter 105°C | L39: Ref #6 | M39: Ref efter 1050°C
B40: Prøve | C40: diameter 1 | D40: diameter 2 | E40: diameter 3 | F40: gennemsnit | G40: højde 1 | H40: højde 2 | I40: højde 3 | J40: gennemsnit | K40: Vol | M40: Prøve | N40: diameter 1 | O40: diameter 2 | P40: diameter 3 | Q40: gennemsnit | R40: højde 1 | S40: højde 2 | T40: højde 3 | U40: gennemsnit | V40: Vol | W40: Shrinkage D [%] | X40: Shrinkage h [%] | Y40: Shrinkage [%]
A41: #0250 | B41: Reference A | C41: 18.59 | D41: 18.4 | E41: 18.59 | F41: =AVERAGE(C41:E41) -> 18.526667 | G41: 6.19 | H41: 6.21 | I41: 6.22 | J41: =AVERAGE(G41:I41) -> 6.2066667 | K41: =PI()*((F41/2)^2)*J41 -> 1673.1808 | L41: #0250 | M41: Reference A | N41: 18.43 | O41: 18.56 | P41: 18.61 | Q41: =AVERAGE(N41:P41) -> 18.533333 | R41: 6.28 | S41: 6.17 | T41: 6.12 | U41: =AVERAGE(R41:T41) -> 6.19 | V41: =PI()*((Q41/2)^2)*U41 -> 1669.889 | W41: =((F41-Q41)/F41)*100 -> -0.035984167 | X41: =((J41-U41)/J41)*100 -> 0.26852846 | Y41: =((K41-V41)/K41)*100 -> 0.19674047
B42: Reference B | C42: 18.43 | D42: 18.63 | E42: 18.57 | F42: =AVERAGE(C42:E42) -> 18.543333 | G42: 6.08 | H42: 6.23 | I42: 6.27 | J42: =AVERAGE(G42:I42) -> 6.1933333 | K42: =PI()*((F42/2)^2)*J42 -> 1672.5917 | M42: Reference B | N42: 18.44 | O42: 18.49 | P42: 18.38 | Q42: =AVERAGE(N42:P42) -> 18.436667 | R42: 6.28 | S42: 6.29 | T42: 6.04 | U42: =AVERAGE(R42:T42) -> 6.2033333 | V42: =PI()*((Q42/2)^2)*U42 -> 1656.0743 | W42: =((F42-Q42)/F42)*100 -> 0.57522919 | X42: =((J42-U42)/J42)*100 -> -0.16146394 | Y42: =((K42-V42)/K42)*100 -> 0.98753779
B43: Reference C | C43: 18.44 | D43: 18.37 | E43: 18.37 | F43: =AVERAGE(C43:E43) -> 18.393333 | G43: 6.26 | H43: 6.6 | I43: 6.35 | J43: =AVERAGE(G43:I43) -> 6.4033333 | K43: =PI()*((F43/2)^2)*J43 -> 1701.4409 | M43: Reference C | N43: 18.22 | O43: 18.26 | P43: 18.37 | Q43: =AVERAGE(N43:P43) -> 18.283333 | R43: 6.17 | S43: 6.39 | T43: 6.35 | U43: =AVERAGE(R43:T43) -> 6.3033333 | V43: =PI()*((Q43/2)^2)*U43 -> 1654.8968 | W43: =((F43-Q43)/F43)*100 -> 0.59804277 | X43: =((J43-U43)/J43)*100 -> 1.5616866 | Y43: =((K43-V43)/K43)*100 -> 2.7355724
B44: Reference D | C44: 18.47 | D44: 18.49 | E44: 18.5 | F44: =AVERAGE(C44:E44) -> 18.486667 | G44: 6.51 | H44: 6.14 | I44: 6.22 | J44: =AVERAGE(G44:I44) -> 6.29 | K44: =PI()*((F44/2)^2)*J44 -> 1688.3316 | M44: Reference D | N44: 18.5 | O44: 18.41 | P44: 18.46 | Q44: =AVERAGE(N44:P44) -> 18.456667 | R44: 6.21 | S44: 6.11 | T44: 6.31 | U44: =AVERAGE(R44:T44) -> 6.21 | V44: =PI()*((Q44/2)^2)*U44 -> 1661.4528 | W44: =((F44-Q44)/F44)*100 -> 0.16227912 | X44: =((J44-U44)/J44)*100 -> 1.2718601 | Y44: =((K44-V44)/K44)*100 -> 1.5920304
B45: Reference E | C45: 18.62 | D45: 18.3 | E45: 18.69 | F45: =AVERAGE(C45:E45) -> 18.536667 | G45: 6.36 | H45: 6.2 | I45: 6.28 | J45: =AVERAGE(G45:I45) -> 6.28 | K45: =PI()*((F45/2)^2)*J45 -> 1694.778 | M45: Reference E | N45: 18.28 | O45: 18.08 | P45: 18.4 | Q45: =AVERAGE(N45:P45) -> 18.253333 | R45: 6.09 | S45: 6.12 | T45: 6.45 | U45: =AVERAGE(R45:T45) -> 6.22 | V45: =PI()*((Q45/2)^2)*U45 -> 1627.6635 | W45: =((F45-Q45)/F45)*100 -> 1.5285021 | X45: =((J45-U45)/J45)*100 -> 0.95541401 | Y45: =((K45-V45)/K45)*100 -> 3.9600711
B46: Reference F | C46: 18.49 | D46: 18.37 | E46: 18.41 | F46: =AVERAGE(C46:E46) -> 18.423333 | G46: 6.11 | H46: 6.27 | I46: 6.09 | J46: =AVERAGE(G46:I46) -> 6.1566667 | K46: =PI()*((F46/2)^2)*J46 -> 1641.2394 | M46: Reference F | N46: 18.35 | O46: 18.39 | P46: 18.22 | Q46: =AVERAGE(N46:P46) -> 18.32 | R46: 6.03 | S46: 6.02 | T46: 6.09 | U46: =AVERAGE(R46:T46) -> 6.0466667 | V46: =PI()*((Q46/2)^2)*U46 -> 1593.8845 | W46: =((F46-Q46)/F46)*100 -> 0.56088294 | X46: =((J46-U46)/J46)*100 -> 1.7866811 | Y46: =((K46-V46)/K46)*100 -> 2.8853149
B47: Reference G | C47: 18.6 | D47: 18.55 | E47: 18.37 | F47: =AVERAGE(C47:E47) -> 18.506667 | G47: 6.27 | H47: 6.12 | I47: 6.27 | J47: =AVERAGE(G47:I47) -> 6.22 | K47: =PI()*((F47/2)^2)*J47 -> 1673.1569 | M47: Reference G | N47: 18.04 | O47: 18.4 | P47: 18.41 | Q47: =AVERAGE(N47:P47) -> 18.283333 | R47: 6.34 | S47: 6.18 | T47: 6.1 | U47: =AVERAGE(R47:T47) -> 6.2066667 | V47: =PI()*((Q47/2)^2)*U47 -> 1629.5176 | W47: =((F47-Q47)/F47)*100 -> 1.2067723 | X47: =((J47-U47)/J47)*100 -> 0.21436227 | Y47: =((K47-V47)/K47)*100 -> 2.6082014
A48: #0252 | B48: Reference A | C48: 18.49 | D48: 18.51 | E48: 18.5 | F48: =AVERAGE(C48:E48) -> 18.5 | G48: 6.11 | H48: 6.21 | I48: 6.16 | J48: =AVERAGE(G48:I48) -> 6.16 | K48: =PI()*((F48/2)^2)*J48 -> 1655.8235 | L48: #0252 | M48: Reference A | N48: 18.29 | O48: 18.38 | P48: 18.39 | Q48: =AVERAGE(N48:P48) -> 18.353333 | R48: 6.25 | S48: 6.37 | T48: 6.24 | U48: =AVERAGE(R48:T48) -> 6.2866667 | V48: =PI()*((Q48/2)^2)*U48 -> 1663.1837 | W48: =((F48-Q48)/F48)*100 -> 0.79279279 | X48: =((J48-U48)/J48)*100 -> -2.0562771 | Y48: =((K48-V48)/K48)*100 -> -0.44450188
B49: Reference B | C49: 18.41 | D49: 18.38 | E49: 18.23 | F49: =AVERAGE(C49:E49) -> 18.34 | G49: 6.1 | H49: 6.27 | I49: 6.26 | J49: =AVERAGE(G49:I49) -> 6.21 | K49: =PI()*((F49/2)^2)*J49 -> 1640.5148 | M49: Reference B | N49: 18.26 | O49: 18.34 | P49: 18.16 | Q49: =AVERAGE(N49:P49) -> 18.253333 | R49: 6.27 | S49: 6.23 | T49: 6.28 | U49: =AVERAGE(R49:T49) -> 6.26 | V49: =PI()*((Q49/2)^2)*U49 -> 1638.1308 | W49: =((F49-Q49)/F49)*100 -> 0.47255543 | X49: =((J49-U49)/J49)*100 -> -0.80515298 | Y49: =((K49-V49)/K49)*100 -> 0.14531641
B50: Reference C | C50: 18.4 | D50: 18.55 | E50: 18.36 | F50: =AVERAGE(C50:E50) -> 18.436667 | G50: 6.25 | H50: 6.28 | I50: 6.23 | J50: =AVERAGE(G50:I50) -> 6.2533333 | K50: =PI()*((F50/2)^2)*J50 -> 1669.4225 | M50: Reference C | N50: 18.38 | O50: 18.18 | P50: 18.4 | Q50: =AVERAGE(N50:P50) -> 18.32 | R50: 6.35 | S50: 6.42 | T50: 6.39 | U50: =AVERAGE(R50:T50) -> 6.3866667 | V50: =PI()*((Q50/2)^2)*U50 -> 1683.5076 | W50: =((F50-Q50)/F50)*100 -> 0.63279696 | X50: =((J50-U50)/J50)*100 -> -2.1321962 | Y50: =((K50-V50)/K50)*100 -> -0.84370699
B51: Reference D | C51: 19 | D51: 18.99 | E51: 19 | F51: =AVERAGE(C51:E51) -> 18.996667 | G51: 5.85 | H51: 5.83 | I51: 5.85 | J51: =AVERAGE(G51:I51) -> 5.8433333 | K51: =PI()*((F51/2)^2)*J51 -> 1656.1717 | M51: Reference D | N51: 18.81 | O51: 18.81 | P51: 18.88 | Q51: =AVERAGE(N51:P51) -> 18.833333 | R51: 5.96 | S51: 5.93 | T51: 5.93 | U51: =AVERAGE(R51:T51) -> 5.94 | V51: =PI()*((Q51/2)^2)*U51 -> 1654.7436 | W51: =((F51-Q51)/F51)*100 -> 0.85979996 | X51: =((J51-U51)/J51)*100 -> -1.6543069 | Y51: =((K51-V51)/K51)*100 -> 0.086225632
B52: Reference E | C52: 18.6 | D52: 18.53 | E52: 18.63 | F52: =AVERAGE(C52:E52) -> 18.586667 | G52: 6.21 | H52: 6.01 | I52: 6.05 | J52: =AVERAGE(G52:I52) -> 6.09 | K52: =PI()*((F52/2)^2)*J52 -> 1652.381 | M52: Reference E | N52: 18.31 | O52: 18.46 | P52: 18.37 | Q52: =AVERAGE(N52:P52) -> 18.38 | R52: 6.28 | S52: 6.14 | T52: 6.3 | U52: =AVERAGE(R52:T52) -> 6.24 | V52: =PI()*((Q52/2)^2)*U52 -> 1655.6384 | W52: =((F52-Q52)/F52)*100 -> 1.1119082 | X52: =((J52-U52)/J52)*100 -> -2.4630542 | Y52: =((K52-V52)/K52)*100 -> -0.19713194
B53: Reference F | C53: 18.57 | D53: 18.54 | E53: 18.55 | F53: =AVERAGE(C53:E53) -> 18.553333 | G53: 6.68 | H53: 6.27 | I53: 6.11 | J53: =AVERAGE(G53:I53) -> 6.3533333 | K53: =PI()*((F53/2)^2)*J53 -> 1717.6529 | M53: Reference F | N53: 18.43 | O53: 18.46 | P53: 18.45 | Q53: =AVERAGE(N53:P53) -> 18.446667 | R53: 6.11 | S53: 6.19 | T53: 6.53 | U53: =AVERAGE(R53:T53) -> 6.2766667 | V53: =PI()*((Q53/2)^2)*U53 -> 1677.4699 | W53: =((F53-Q53)/F53)*100 -> 0.57491915 | X53: =((J53-U53)/J53)*100 -> 1.2067156 | Y53: =((K53-V53)/K53)*100 -> 2.3394132
B54: Reference G | C54: 18.5 | D54: 18.5 | E54: 18.46 | F54: =AVERAGE(C54:E54) -> 18.486667 | G54: 6.13 | H54: 5.93 | I54: 6.04 | J54: =AVERAGE(G54:I54) -> 6.0333333 | K54: =PI()*((F54/2)^2)*J54 -> 1619.4384 | M54: Reference G | N54: 18.32 | O54: 18.34 | P54: 18.37 | Q54: =AVERAGE(N54:P54) -> 18.343333 | R54: 6.04 | S54: 6.19 | T54: 6.18 | U54: =AVERAGE(R54:T54) -> 6.1366667 | V54: =PI()*((Q54/2)^2)*U54 -> 1621.7314 | W54: =((F54-Q54)/F54)*100 -> 0.77533357 | X54: =((J54-U54)/J54)*100 -> -1.7127072 | Y54: =((K54-V54)/K54)*100 -> -0.14159603
A58: SSA-Av-Raw #1 | B58: efter 105°C | L58: SSA-Av-Raw | M58: SSA-Av efter 1020°C | AA58: SSA-Av-ED #1 | AB58: efter 105°C | AL58: SSA-Av-ED | AM58: SSA-Av efter 1020°C
B59: Prøve | C59: diameter 1 | D59: diameter 2 | E59: diameter 3 | F59: gennemsnit | G59: højde 1 | H59: højde 2 | I59: højde 3 | J59: gennemsnit | K59: Vol | M59: Prøve | N59: diameter 1 | O59: diameter 2 | P59: diameter 3 | Q59: gennemsnit | R59: højde 1 | S59: højde 2 | T59: højde 3 | U59: gennemsnit | V59: Vol | W59: Shrinkage D [%] | X59: Shrinkage h [%] | Y59: Shrinkage [%] | AB59: Prøve | AC59: diameter 1 | AD59: diameter 2 | AE59: diameter 3 | AF59: gennemsnit | AG59: højde 1 | AH59: højde 2 | AI59: højde 3 | AJ59: gennemsnit | AK59: vol | AM59: Prøve | AN59: diameter 1 | AO59: diameter 2 | AP59: diameter 3 | AQ59: gennemsnit | AR59: højde 1 | AS59: højde 2 | AT59: højde 3 | AU59: gennemsnit | AV59: Vol | AW59: Shrinkage D [%] | AX59: Shrinkage h [%] | AY59: Shrinkage [%] | AZ59: =AVERAGE(AU60:AU66) -> 6.432381 | BA59: =AVERAGE(AR60:AT66) -> 6.432381
A60: #0250-#0262 | B60: Reference A | C60: 19.14 | D60: 19.04 | E60: 19.1 | F60: =AVERAGE(C60:E60) -> 19.093333 | G60: 6.41 | H60: 6.51 | I60: 6.61 | J60: =AVERAGE(G60:I60) -> 6.51 | K60: =PI()*((F60/2)^2)*J60 -> 1863.9505 | L60: #0250-#0262 | M60: Reference A | N60: 18.85 | O60: 18.9 | P60: 18.89 | Q60: =AVERAGE(N60:P60) -> 18.88 | R60: 6.47 | S60: 6.57 | T60: 6.47 | U60: =AVERAGE(R60:T60) -> 6.5033333 | V60: =PI()*((Q60/2)^2)*U60 -> 1820.6643 | W60: =((F60-Q60)/F60)*100 -> 1.1173184 | X60: =((J60-U60)/J60)*100 -> 0.10240655 | Y60: =((K60-V60)/K60)*100 -> 2.3222838 | AA60: #0250-Pilot-8 | AB60: Reference A | AC60: 19.08 | AD60: 18.99 | AE60: 19.11 | AF60: =AVERAGE(AC60:AE60) -> 19.06 | AG60: 6.72 | AH60: 6.6 | AI60: 6.7 | AJ60: =AVERAGE(AG60:AI60) -> 6.6733333 | AK60: =PI()*((AF60/2)^2)*AJ60 -> 1904.0506 | AL60: #0250-Pilot-8 | AM60: Reference A | AN60: 18.68 | AO60: 18.68 | AP60: 18.63 | AQ60: =AVERAGE(AN60:AP60) -> 18.663333 | AR60: 6.6 | AS60: 6.53 | AT60: 6.5 | AU60: =AVERAGE(AR60:AT60) -> 6.5433333 | AV60: =PI()*((AQ60/2)^2)*AU60 -> 1790.059 | AW60: =((AF60-AQ60)/AF60)*100 -> 2.0811473 | AX60: =((AJ60-AU60)/AJ60)*100 -> 1.9480519 | AY60: =((AK60-AV60)/AK60)*100 -> 5.9867948 | AZ60: =STDEV(AU60:AU66) -> 0.11578579 | BA60: =STDEV(AR60:AT66) -> 0.11987096
B61: Reference B | C61: 19.12 | D61: 19.06 | E61: 19.12 | F61: =AVERAGE(C61:E61) -> 19.1 | G61: 6.54 | H61: 6.46 | I61: 6.46 | J61: =AVERAGE(G61:I61) -> 6.4866667 | K61: =PI()*((F61/2)^2)*J61 -> 1858.5669 | M61: Reference B | N61: 18.83 | O61: 18.88 | P61: 18.79 | Q61: =AVERAGE(N61:P61) -> 18.833333 | R61: 6.38 | S61: 6.37 | T61: 6.4 | U61: =AVERAGE(R61:T61) -> 6.3833333 | V61: =PI()*((Q61/2)^2)*U61 -> 1778.2458 | W61: =((F61-Q61)/F61)*100 -> 1.3961606 | X61: =((J61-U61)/J61)*100 -> 1.5930113 | Y61: =((K61-V61)/K61)*100 -> 4.3216683 | AB61: Reference B | AC61: 19.12 | AD61: 19.05 | AE61: 19.16 | AF61: =AVERAGE(AC61:AE61) -> 19.11 | AG61: 6.4 | AH61: 6.38 | AI61: 6.38 | AJ61: =AVERAGE(AG61:AI61) -> 6.3866667 | AK61: =PI()*((AF61/2)^2)*AJ61 -> 1831.8314 | AM61: Reference B | AN61: 18.72 | AO61: 18.75 | AP61: 18.73 | AQ61: =AVERAGE(AN61:AP61) -> 18.733333 | AR61: 6.17 | AS61: 6.34 | AT61: 6.28 | AU61: =AVERAGE(AR61:AT61) -> 6.2633333 | AV61: =PI()*((AQ61/2)^2)*AU61 -> 1726.3368 | AW61: =((AF61-AQ61)/AF61)*100 -> 1.9710448 | AX61: =((AJ61-AU61)/AJ61)*100 -> 1.9311065 | AY61: =((AK61-AV61)/AK61)*100 -> 5.7589702 | AZ61: =STDEV(AU67:AU73) -> 0.089000921 | BA61: =STDEV(AR67:AT73) -> 0.088312217
B62: Reference C | C62: 19.23 | D62: 19.06 | E62: 19.17 | F62: =AVERAGE(C62:E62) -> 19.153333 | G62: 6.25 | H62: 6.27 | I62: 6.29 | J62: =AVERAGE(G62:I62) -> 6.27 | K62: =PI()*((F62/2)^2)*J62 -> 1806.5341 | M62: Reference C | N62: 18.8 | O62: 18.92 | P62: 18.88 | Q62: =AVERAGE(N62:P62) -> 18.866667 | R62: 6.21 | S62: 6.21 | T62: 6.21 | U62: =AVERAGE(R62:T62) -> 6.21 | V62: =PI()*((Q62/2)^2)*U62 -> 1736.0884 | W62: =((F62-Q62)/F62)*100 -> 1.4966934 | X62: =((J62-U62)/J62)*100 -> 0.9569378 | Y62: =((K62-V62)/K62)*100 -> 3.8994931 | AB62: Reference C | AC62: 19.14 | AD62: 19.21 | AE62: 19 | AF62: =AVERAGE(AC62:AE62) -> 19.116667 | AG62: 6.2 | AH62: 6.94 | AI62: 7 | AJ62: =AVERAGE(AG62:AI62) -> 6.7133333 | AK62: =PI()*((AF62/2)^2)*AJ62 -> 1926.8701 | AM62: Reference C | AN62: 18.6 | AO62: 18.73 | AP62: 18.6 | AQ62: =AVERAGE(AN62:AP62) -> 18.643333 | AR62: 6.43 | AS62: 6.61 | AT62: 6.48 | AU62: =AVERAGE(AR62:AT62) -> 6.5066667 | AV62: =PI()*((AQ62/2)^2)*AU62 -> 1776.2151 | AW62: =((AF62-AQ62)/AF62)*100 -> 2.4760244 | AX62: =((AJ62-AU62)/AJ62)*100 -> 3.0784508 | AY62: =((AK62-AV62)/AK62)*100 -> 7.8186336
B63: Reference D | C63: 19.07 | D63: 19.04 | E63: 19.18 | F63: =AVERAGE(C63:E63) -> 19.096667 | G63: 6.54 | H63: 6.57 | I63: 6.51 | J63: =AVERAGE(G63:I63) -> 6.54 | K63: =PI()*((F63/2)^2)*J63 -> 1873.194 | M63: Reference D | N63: 18.95 | O63: 18.88 | P63: 18.82 | Q63: =AVERAGE(N63:P63) -> 18.883333 | R63: 6.46 | S63: 6.43 | T63: 6.41 | U63: =AVERAGE(R63:T63) -> 6.4333333 | V63: =PI()*((Q63/2)^2)*U63 -> 1801.7032 | W63: =((F63-Q63)/F63)*100 -> 1.1171234 | X63: =((J63-U63)/J63)*100 -> 1.6309888 | Y63: =((K63-V63)/K63)*100 -> 3.8165192 | AB63: Reference D | AC63: 18.97 | AD63: 18.96 | AE63: 18.94 | AF63: =AVERAGE(AC63:AE63) -> 18.956667 | AG63: 6.43 | AH63: 6.44 | AI63: 6.43 | AJ63: =AVERAGE(AG63:AI63) -> 6.4333333 | AK63: =PI()*((AF63/2)^2)*AJ63 -> 1815.7242 | AM63: Reference D | AN63: 18.6 | AO63: 18.61 | AP63: 18.64 | AQ63: =AVERAGE(AN63:AP63) -> 18.616667 | AR63: 6.33 | AS63: 6.29 | AT63: 6.36 | AU63: =AVERAGE(AR63:AT63) -> 6.3266667 | AV63: =PI()*((AQ63/2)^2)*AU63 -> 1722.1409 | AW63: =((AF63-AQ63)/AF63)*100 -> 1.7935643 | AX63: =((AJ63-AU63)/AJ63)*100 -> 1.6580311 | AY63: =((AK63-AV63)/AK63)*100 -> 5.1540486
B64: Reference E | C64: 18.96 | D64: 19.22 | E64: 19.01 | F64: =AVERAGE(C64:E64) -> 19.063333 | G64: 6.49 | H64: 6.52 | I64: 6.52 | J64: =AVERAGE(G64:I64) -> 6.51 | K64: =PI()*((F64/2)^2)*J64 -> 1858.0977 | M64: Reference E | N64: 18.77 | O64: 18.79 | P64: 18.99 | Q64: =AVERAGE(N64:P64) -> 18.85 | R64: 6.44 | S64: 6.48 | T64: 6.45 | U64: =AVERAGE(R64:T64) -> 6.4566667 | V64: =PI()*((Q64/2)^2)*U64 -> 1801.8596 | W64: =((F64-Q64)/F64)*100 -> 1.1190768 | X64: =((J64-U64)/J64)*100 -> 0.81925243 | Y64: =((K64-V64)/K64)*100 -> 3.0266491 | AB64: Reference E | AC64: 19.09 | AD64: 19 | AE64: 19.13 | AF64: =AVERAGE(AC64:AE64) -> 19.073333 | AG64: 6.49 | AH64: 6.47 | AI64: 6.41 | AJ64: =AVERAGE(AG64:AI64) -> 6.4566667 | AK64: =PI()*((AF64/2)^2)*AJ64 -> 1844.8092 | AM64: Reference E | AN64: 18.74 | AO64: 18.66 | AP64: 18.71 | AQ64: =AVERAGE(AN64:AP64) -> 18.703333 | AR64: 6.36 | AS64: 6.35 | AT64: 6.36 | AU64: =AVERAGE(AR64:AT64) -> 6.3566667 | AV64: =PI()*((AQ64/2)^2)*AU64 -> 1746.4548 | AW64: =((AF64-AQ64)/AF64)*100 -> 1.9398812 | AX64: =((AJ64-AU64)/AJ64)*100 -> 1.5487868 | AY64: =((AK64-AV64)/AK64)*100 -> 5.3314113
B65: Reference F | C65: 19.18 | D65: 18.97 | E65: 19.11 | F65: =AVERAGE(C65:E65) -> 19.086667 | G65: 6.22 | H65: 6.34 | I65: 6.3 | J65: =AVERAGE(G65:I65) -> 6.2866667 | K65: =PI()*((F65/2)^2)*J65 -> 1798.7487 | M65: Reference F | N65: 19.01 | O65: 18.76 | P65: 19.02 | Q65: =AVERAGE(N65:P65) -> 18.93 | R65: 6.35 | S65: 6.21 | T65: 6.3 | U65: =AVERAGE(R65:T65) -> 6.2866667 | V65: =PI()*((Q65/2)^2)*U65 -> 1769.341 | W65: =((F65-Q65)/F65)*100 -> 0.82081732 | X65: =((J65-U65)/J65)*100 -> 0 | Y65: =((K65-V65)/K65)*100 -> 1.6348972 | AB65: Reference F | AC65: 19.06 | AD65: 19.07 | AE65: 19.21 | AF65: =AVERAGE(AC65:AE65) -> 19.113333 | AG65: 6.61 | AH65: 6.57 | AI65: 6.57 | AJ65: =AVERAGE(AG65:AI65) -> 6.5833333 | AK65: =PI()*((AF65/2)^2)*AJ65 -> 1888.8984 | AM65: Reference F | AN65: 18.69 | AO65: 18.74 | AP65: 18.61 | AQ65: =AVERAGE(AN65:AP65) -> 18.68 | AR65: 6.5 | AS65: 6.43 | AT65: 6.49 | AU65: =AVERAGE(AR65:AT65) -> 6.4733333 | AV65: =PI()*((AQ65/2)^2)*AU65 -> 1774.0734 | AW65: =((AF65-AQ65)/AF65)*100 -> 2.2671782 | AX65: =((AJ65-AU65)/AJ65)*100 -> 1.6708861 | AY65: =((AK65-AV65)/AK65)*100 -> 6.0789365
B66: Reference G | C66: 21.3 | D66: 21.19 | E66: 21.34 | F66: =AVERAGE(C66:E66) -> 21.276667 | G66: 5.52 | H66: 5.38 | I66: 5.41 | J66: =AVERAGE(G66:I66) -> 5.4366667 | K66: =PI()*((F66/2)^2)*J66 -> 1932.9907 | M66: Reference G | N66: 21.11 | O66: 21.08 | P66: 21.05 | Q66: =AVERAGE(N66:P66) -> 21.08 | R66: 5.34 | S66: 5.37 | T66: 5.42 | U66: =AVERAGE(R66:T66) -> 5.3766667 | V66: =PI()*((Q66/2)^2)*U66 -> 1876.4812 | W66: =((F66-Q66)/F66)*100 -> 0.92433025 | X66: =((J66-U66)/J66)*100 -> 1.1036174 | Y66: =((K66-V66)/K66)*100 -> 2.9234262 | AB66: Reference G | AC66: 19.05 | AD66: 19.03 | AE66: 19.02 | AF66: =AVERAGE(AC66:AE66) -> 19.033333 | AG66: 6.68 | AH66: 6.71 | AI66: 6.67 | AJ66: =AVERAGE(AG66:AI66) -> 6.6866667 | AK66: =PI()*((AF66/2)^2)*AJ66 -> 1902.5201 | AM66: Reference G | AN66: 18.72 | AO66: 18.67 | AP66: 18.71 | AQ66: =AVERAGE(AN66:AP66) -> 18.7 | AR66: 6.6 | AS66: 6.55 | AT66: 6.52 | AU66: =AVERAGE(AR66:AT66) -> 6.5566667 | AV66: =PI()*((AQ66/2)^2)*AU66 -> 1800.7615 | AW66: =((AF66-AQ66)/AF66)*100 -> 1.7513135 | AX66: =((AJ66-AU66)/AJ66)*100 -> 1.9441675 | AY66: =((AK66-AV66)/AK66)*100 -> 5.3486228
A67: #0252-#0262 | B67: Reference A | C67: 18.89 | D67: 19.01 | E67: 19.04 | F67: =AVERAGE(C67:E67) -> 18.98 | G67: 6.56 | H67: 6.49 | I67: 6.5 | J67: =AVERAGE(G67:I67) -> 6.5166667 | K67: =PI()*((F67/2)^2)*J67 -> 1843.7745 | L67: #0252-#0262 | M67: Reference A | N67: 18.28 | O67: 18.54 | P67: 18.35 | Q67: =AVERAGE(N67:P67) -> 18.39 | R67: 6.35 | S67: 6.4 | T67: 6.38 | U67: =AVERAGE(R67:T67) -> 6.3766667 | V67: =PI()*((Q67/2)^2)*U67 -> 1693.7412 | W67: =((F67-Q67)/F67)*100 -> 3.1085353 | X67: =((J67-U67)/J67)*100 -> 2.1483376 | Y67: =((K67-V67)/K67)*100 -> 8.1372906 | AA67: #0252-Pilot-8 | AB67: Reference A | AC67: 18.82 | AD67: 18.84 | AE67: 18.8 | AF67: =AVERAGE(AC67:AE67) -> 18.82 | AG67: 6.63 | AH67: 6.62 | AI67: 6.62 | AJ67: =AVERAGE(AG67:AI67) -> 6.6233333 | AK67: =PI()*((AF67/2)^2)*AJ67 -> 1842.4925 | AL67: #0252-Pilot-8 | AM67: Reference A | AN67: 18.16 | AO67: 18.19 | AP67: 18.08 | AQ67: =AVERAGE(AN67:AP67) -> 18.143333 | AR67: 6.51 | AS67: 6.53 | AT67: 6.48 | AU67: =AVERAGE(AR67:AT67) -> 6.5066667 | AV67: =PI()*((AQ67/2)^2)*AU67 -> 1682.2193 | AW67: =((AF67-AQ67)/AF67)*100 -> 3.5954658 | AX67: =((AJ67-AU67)/AJ67)*100 -> 1.7614494 | AY67: =((AK67-AV67)/AK67)*100 -> 8.6987198 | BA67: 18.39
B68: Reference B | C68: 19.06 | D68: 19.01 | E68: 19.09 | F68: =AVERAGE(C68:E68) -> 19.053333 | G68: 6.33 | H68: 6.39 | I68: 6.32 | J68: =AVERAGE(G68:I68) -> 6.3466667 | K68: =PI()*((F68/2)^2)*J68 -> 1809.5788 | M68: Reference B | N68: 18.52 | O68: 18.36 | P68: 18.5 | Q68: =AVERAGE(N68:P68) -> 18.46 | R68: 6.14 | S68: 6.2 | T68: 6.11 | U68: =AVERAGE(R68:T68) -> 6.15 | V68: =PI()*((Q68/2)^2)*U68 -> 1645.9945 | W68: =((F68-Q68)/F68)*100 -> 3.1140658 | X68: =((J68-U68)/J68)*100 -> 3.0987395 | Y68: =((K68-V68)/K68)*100 -> 9.0399084 | AB68: Reference B | AC68: 18.87 | AD68: 18.85 | AE68: 18.83 | AF68: =AVERAGE(AC68:AE68) -> 18.85 | AG68: 6.6 | AH68: 6.58 | AI68: 6.66 | AJ68: =AVERAGE(AG68:AI68) -> 6.6133333 | AK68: =PI()*((AF68/2)^2)*AJ68 -> 1845.5805 | AM68: Reference B | AN68: 18.04 | AO68: 18.27 | AP68: 18.11 | AQ68: =AVERAGE(AN68:AP68) -> 18.14 | AR68: 6.49 | AS68: 6.47 | AT68: 6.49 | AU68: =AVERAGE(AR68:AT68) -> 6.4833333 | AV68: =PI()*((AQ68/2)^2)*AU68 -> 1675.5709 | AW68: =((AF68-AQ68)/AF68)*100 -> 3.7665782 | AX68: =((AJ68-AU68)/AJ68)*100 -> 1.9657258 | AY68: =((AK68-AV68)/AK68)*100 -> 9.2117188 | BA68: 18.4
B69: Reference C | C69: 18.88 | D69: 19.09 | E69: 19.07 | F69: =AVERAGE(C69:E69) -> 19.013333 | G69: 6.53 | H69: 6.49 | I69: 6.48 | J69: =AVERAGE(G69:I69) -> 6.5 | K69: =PI()*((F69/2)^2)*J69 -> 1845.5243 | M69: Reference C | N69: 18.49 | O69: 18.24 | P69: 18.44 | Q69: =AVERAGE(N69:P69) -> 18.39 | R69: 6.25 | S69: 6.31 | T69: 6.37 | U69: =AVERAGE(R69:T69) -> 6.31 | V69: =PI()*((Q69/2)^2)*U69 -> 1676.0335 | W69: =((F69-Q69)/F69)*100 -> 3.2784011 | X69: =((J69-U69)/J69)*100 -> 2.9230769 | Y69: =((K69-V69)/K69)*100 -> 9.1838814 | AB69: Reference C | AC69: 18.95 | AD69: 18.77 | AE69: 18.83 | AF69: =AVERAGE(AC69:AE69) -> 18.85 | AG69: 6.43 | AH69: 6.54 | AI69: 6.5 | AJ69: =AVERAGE(AG69:AI69) -> 6.49 | AK69: =PI()*((AF69/2)^2)*AJ69 -> 1811.162 | AM69: Reference C | AN69: 18.2 | AO69: 18.25 | AP69: 18.09 | AQ69: =AVERAGE(AN69:AP69) -> 18.18 | AR69: 6.36 | AS69: 6.42 | AT69: 6.34 | AU69: =AVERAGE(AR69:AT69) -> 6.3733333 | AV69: =PI()*((AQ69/2)^2)*AU69 -> 1654.4143 | AW69: =((AF69-AQ69)/AF69)*100 -> 3.5543767 | AX69: =((AJ69-AU69)/AJ69)*100 -> 1.7976374 | AY69: =((AK69-AV69)/AK69)*100 -> 8.6545362 | BA69: 18.4 | BB69: =STDEV(18.39,18.4,18.4) -> 0.0057735027
B70: Reference D | C70: 18.9 | D70: 19.1 | E70: 18.86 | F70: =AVERAGE(C70:E70) -> 18.953333 | G70: 6.34 | H70: 6.34 | I70: 6.35 | J70: =AVERAGE(G70:I70) -> 6.3433333 | K70: =PI()*((F70/2)^2)*J70 -> 1789.6933 | M70: Reference D | N70: 18.46 | O70: 18.31 | P70: 18.54 | Q70: =AVERAGE(N70:P70) -> 18.436667 | R70: 6.14 | S70: 6.18 | T70: 6.17 | U70: =AVERAGE(R70:T70) -> 6.1633333 | V70: =PI()*((Q70/2)^2)*U70 -> 1645.3957 | W70: =((F70-Q70)/F70)*100 -> 2.7259937 | X70: =((J70-U70)/J70)*100 -> 2.8376248 | Y70: =((K70-V70)/K70)*100 -> 8.0627034 | AB70: Reference D | AC70: 18.94 | AD70: 18.95 | AE70: 18.97 | AF70: =AVERAGE(AC70:AE70) -> 18.953333 | AG70: 6.4 | AH70: 6.35 | AI70: 6.34 | AJ70: =AVERAGE(AG70:AI70) -> 6.3633333 | AK70: =PI()*((AF70/2)^2)*AJ70 -> 1795.3361 | AM70: Reference D | AN70: 18.18 | AO70: 18.35 | AP70: 18.19 | AQ70: =AVERAGE(AN70:AP70) -> 18.24 | AR70: 6.23 | AS70: 6.28 | AT70: 6.25 | AU70: =AVERAGE(AR70:AT70) -> 6.2533333 | AV70: =PI()*((AQ70/2)^2)*AU70 -> 1633.9965 | AW70: =((AF70-AQ70)/AF70)*100 -> 3.76363 | AX70: =((AJ70-AU70)/AJ70)*100 -> 1.7286537 | AY70: =((AK70-AV70)/AK70)*100 -> 8.9865929 | BA70: =STDEV(BA67:BA69) -> 0.0057735027
B71: Reference E | C71: 19 | D71: 18.95 | E71: 18.97 | F71: =AVERAGE(C71:E71) -> 18.973333 | G71: 6.47 | H71: 6.43 | I71: 6.43 | J71: =AVERAGE(G71:I71) -> 6.4433333 | K71: =PI()*((F71/2)^2)*J71 -> 1821.7457 | M71: Reference E | N71: 18.47 | O71: 18.37 | P71: 18.53 | Q71: =AVERAGE(N71:P71) -> 18.456667 | R71: 6.26 | S71: 6.33 | T71: 6.28 | U71: =AVERAGE(R71:T71) -> 6.29 | V71: =PI()*((Q71/2)^2)*U71 -> 1682.8564 | W71: =((F71-Q71)/F71)*100 -> 2.7231202 | X71: =((J71-U71)/J71)*100 -> 2.3797206 | Y71: =((K71-V71)/K71)*100 -> 7.6239665 | AB71: Reference E | AC71: 18.65 | AD71: 18.67 | AE71: 18.94 | AF71: =AVERAGE(AC71:AE71) -> 18.753333 | AG71: 6.54 | AH71: 6.54 | AI71: 6.59 | AJ71: =AVERAGE(AG71:AI71) -> 6.5566667 | AK71: =PI()*((AF71/2)^2)*AJ71 -> 1811.0479 | AM71: Reference E | AN71: 17.96 | AO71: 18.07 | AP71: 18.1 | AQ71: =AVERAGE(AN71:AP71) -> 18.043333 | AR71: 6.46 | AS71: 6.41 | AT71: 6.39 | AU71: =AVERAGE(AR71:AT71) -> 6.42 | AV71: =PI()*((AQ71/2)^2)*AU71 -> 1641.5664 | AW71: =((AF71-AQ71)/AF71)*100 -> 3.7859936 | AX71: =((AJ71-AU71)/AJ71)*100 -> 2.0843925 | AY71: =((AK71-AV71)/AK71)*100 -> 9.3582 | BA71: =_xlfn.STDEV.P(BA67:BA69) -> 0.0047140452
B72: Reference F | C72: 19.06 | D72: 19.03 | E72: 19.08 | F72: =AVERAGE(C72:E72) -> 19.056667 | G72: 6.36 | H72: 6.51 | I72: 6.45 | J72: =AVERAGE(G72:I72) -> 6.44 | K72: =PI()*((F72/2)^2)*J72 -> 1836.8328 | M72: Reference F | N72: 18.51 | O72: 18.42 | P72: 18.54 | Q72: =AVERAGE(N72:P72) -> 18.49 | R72: 6.33 | S72: 6.34 | T72: 6.36 | U72: =AVERAGE(R72:T72) -> 6.3433333 | V72: =PI()*((Q72/2)^2)*U72 -> 1703.2611 | W72: =((F72-Q72)/F72)*100 -> 2.9735875 | X72: =((J72-U72)/J72)*100 -> 1.5010352 | Y72: =((K72-V72)/K72)*100 -> 7.2718461 | AB72: Reference F | AC72: 18.96 | AD72: 18.78 | AE72: 18.96 | AF72: =AVERAGE(AC72:AE72) -> 18.9 | AG72: 6.41 | AH72: 6.47 | AI72: 6.46 | AJ72: =AVERAGE(AG72:AI72) -> 6.4466667 | AK72: =PI()*((AF72/2)^2)*AJ72 -> 1808.6257 | AM72: Reference F | AN72: 18.28 | AO72: 18.27 | AP72: 18.21 | AQ72: =AVERAGE(AN72:AP72) -> 18.253333 | AR72: 6.33 | AS72: 6.35 | AT72: 6.32 | AU72: =AVERAGE(AR72:AT72) -> 6.3333333 | AV72: =PI()*((AQ72/2)^2)*AU72 -> 1657.3209 | AW72: =((AF72-AQ72)/AF72)*100 -> 3.4215168 | AX72: =((AJ72-AU72)/AJ72)*100 -> 1.7580145 | AY72: =((AK72-AV72)/AK72)*100 -> 8.3657368 | BA72: =_xlfn.STDEV.S(BA67:BA69) -> 0.0057735027
B73: Reference G | C73: 19.1 | D73: 18.95 | E73: 19.17 | F73: =AVERAGE(C73:E73) -> 19.073333 | G73: 6.36 | H73: 6.31 | I73: 6.32 | J73: =AVERAGE(G73:I73) -> 6.33 | K73: =PI()*((F73/2)^2)*J73 -> 1808.6178 | M73: Reference G | N73: 18.51 | O73: 18.46 | P73: 18.55 | Q73: =AVERAGE(N73:P73) -> 18.506667 | R73: 6.18 | S73: 6.19 | T73: 6.18 | U73: =AVERAGE(R73:T73) -> 6.1833333 | V73: =PI()*((Q73/2)^2)*U73 -> 1663.2937 | W73: =((F73-Q73)/F73)*100 -> 2.9709892 | X73: =((J73-U73)/J73)*100 -> 2.317009 | Y73: =((K73-V73)/K73)*100 -> 8.0350885 | AB73: Reference G | AC73: 18.85 | AD73: 18.71 | AE73: 18.86 | AF73: =AVERAGE(AC73:AE73) -> 18.806667 | AG73: 6.5 | AH73: 6.42 | AI73: 6.46 | AJ73: =AVERAGE(AG73:AI73) -> 6.46 | AK73: =PI()*((AF73/2)^2)*AJ73 -> 1794.5107 | AM73: Reference G | AN73: 18.33 | AO73: 18.16 | AP73: 18.27 | AQ73: =AVERAGE(AN73:AP73) -> 18.253333 | AR73: 6.3 | AS73: 6.39 | AT73: 6.34 | AU73: =AVERAGE(AR73:AT73) -> 6.3433333 | AV73: =PI()*((AQ73/2)^2)*AU73 -> 1659.9377 | AW73: =((AF73-AQ73)/AF73)*100 -> 2.9422191 | AX73: =((AJ73-AU73)/AJ73)*100 -> 1.8059856 | AY73: =((AK73-AV73)/AK73)*100 -> 7.4991484
A74: SSA-Av-Raw #2 | B74: efter 105°C | L74: SSA-Av-Raw | M74: SSA-Av efter 1030°C | AA74: SSA-Av-ED #2 | AB74: efter 105°C | AL74: SSA-Av-ED | AM74: SSA-Av efter 1030°C
B75: Prøve | C75: diameter 1 | D75: diameter 2 | E75: diameter 3 | F75: gennemsnit | G75: højde 1 | H75: højde 2 | I75: højde 3 | J75: gennemsnit | K75: Vol | M75: Prøve | N75: diameter 1 | O75: diameter 2 | P75: diameter 3 | Q75: gennemsnit | R75: højde 1 | S75: højde 2 | T75: højde 3 | U75: gennemsnit | V75: Vol | W75: Shrinkage D [%] | X75: Shrinkage h [%] | Y75: Shrinkage [%] | AB75: Prøve | AC75: diameter 1 | AD75: diameter 2 | AE75: diameter 3 | AF75: gennemsnit | AG75: højde 1 | AH75: højde 2 | AI75: højde 3 | AJ75: gennemsnit | AK75: vol | AM75: Prøve | AN75: diameter 1 | AO75: diameter 2 | AP75: diameter 3 | AQ75: gennemsnit | AR75: højde 1 | AS75: højde 2 | AT75: højde 3 | AU75: gennemsnit | AV75: Vol | AW75: Shrinkage D [%] | AX75: Shrinkage h [%] | AY75: Shrinkage [%]
A76: #0250-#0262 | B76: Reference A | C76: 18.82 | D76: 19.26 | E76: 18.9 | F76: =AVERAGE(C76:E76) -> 18.993333 | G76: 6.32 | H76: 6.3 | I76: 6.37 | J76: =AVERAGE(G76:I76) -> 6.33 | K76: =PI()*((F76/2)^2)*J76 -> 1793.4777 | L76: #0250-#0262 | M76: Reference A | N76: 18.77 | O76: 18.92 | P76: 18.42 | Q76: =AVERAGE(N76:P76) -> 18.703333 | R76: 6.21 | S76: 6.3 | T76: 6.53 | U76: =AVERAGE(R76:T76) -> 6.3466667 | V76: =PI()*((Q76/2)^2)*U76 -> 1743.7074 | W76: =((F76-Q76)/F76)*100 -> 1.5268515 | X76: =((J76-U76)/J76)*100 -> -0.26329647 | Y76: =((K76-V76)/K76)*100 -> 2.7750727 | AA76: #0250-Pilot-8 | AB76: Reference A | AC76: 19.08 | AD76: 19.01 | AE76: 19.1 | AF76: =AVERAGE(AC76:AE76) -> 19.063333 | AG76: 6.41 | AH76: 6.45 | AI76: 6.42 | AJ76: =AVERAGE(AG76:AI76) -> 6.4266667 | AK76: =PI()*((AF76/2)^2)*AJ76 -> 1834.3126 | AL76: #0250-Pilot-8 | AM76: Reference A | AN76: 18.46 | AO76: 18.54 | AP76: 18.41 | AQ76: =AVERAGE(AN76:AP76) -> 18.47 | AR76: 6.22 | AS76: 6.22 | AT76: 6.21 | AU76: =AVERAGE(AR76:AT76) -> 6.2166667 | AV76: =PI()*((AQ76/2)^2)*AU76 -> 1665.6404 | AW76: =((AF76-AQ76)/AF76)*100 -> 3.1124322 | AX76: =((AJ76-AU76)/AJ76)*100 -> 3.2676349 | AY76: =((AK76-AV76)/AK76)*100 -> 9.1953866
B77: Reference B | C77: 19.11 | D77: 19.09 | E77: 19 | F77: =AVERAGE(C77:E77) -> 19.066667 | G77: 6.75 | H77: 6.61 | I77: 6.53 | J77: =AVERAGE(G77:I77) -> 6.63 | K77: =PI()*((F77/2)^2)*J77 -> 1893.0102 | M77: Reference B | N77: 18.52 | O77: 18.62 | P77: 18.74 | Q77: =AVERAGE(N77:P77) -> 18.626667 | R77: 6.57 | S77: 6.55 | T77: 6.5 | U77: =AVERAGE(R77:T77) -> 6.54 | V77: =PI()*((Q77/2)^2)*U77 -> 1782.124 | W77: =((F77-Q77)/F77)*100 -> 2.3076923 | X77: =((J77-U77)/J77)*100 -> 1.3574661 | Y77: =((K77-V77)/K77)*100 -> 5.8576669 | AB77: Reference B | AC77: 19.06 | AD77: 19.01 | AE77: 19.08 | AF77: =AVERAGE(AC77:AE77) -> 19.05 | AG77: 6.37 | AH77: 6.66 | AI77: 6.7 | AJ77: =AVERAGE(AG77:AI77) -> 6.5766667 | AK77: =PI()*((AF77/2)^2)*AJ77 -> 1874.501 | AM77: Reference B | AN77: 18.52 | AO77: 18.46 | AP77: 18.37 | AQ77: =AVERAGE(AN77:AP77) -> 18.45 | AR77: 6.44 | AS77: 6.34 | AT77: 6.35 | AU77: =AVERAGE(AR77:AT77) -> 6.3766667 | AV77: =PI()*((AQ77/2)^2)*AU77 -> 1704.8114 | AW77: =((AF77-AQ77)/AF77)*100 -> 3.1496063 | AX77: =((AJ77-AU77)/AJ77)*100 -> 3.0410542 | AY77: =((AK77-AV77)/AK77)*100 -> 9.0525209
B78: Reference C | C78: 18.69 | D78: 19.11 | E78: 18.72 | F78: =AVERAGE(C78:E78) -> 18.84 | G78: 6.34 | H78: 6.44 | I78: 6.64 | J78: =AVERAGE(G78:I78) -> 6.4733333 | K78: =PI()*((F78/2)^2)*J78 -> 1804.5946 | M78: Reference C | N78: 18.61 | O78: 18.75 | P78: 18.33 | Q78: =AVERAGE(N78:P78) -> 18.563333 | R78: 6.3 | S78: 6.35 | T78: 6.47 | U78: =AVERAGE(R78:T78) -> 6.3733333 | V78: =PI()*((Q78/2)^2)*U78 -> 1724.9179 | W78: =((F78-Q78)/F78)*100 -> 1.4685067 | X78: =((J78-U78)/J78)*100 -> 1.5447992 | Y78: =((K78-V78)/K78)*100 -> 4.4152097 | AB78: Reference C | AC78: 18.97 | AD78: 19.02 | AE78: 19.05 | AF78: =AVERAGE(AC78:AE78) -> 19.013333 | AG78: 6.62 | AH78: 6.64 | AI78: 6.65 | AJ78: =AVERAGE(AG78:AI78) -> 6.6366667 | AK78: =PI()*((AF78/2)^2)*AJ78 -> 1884.3276 | AM78: Reference C | AN78: 18.4 | AO78: 18.42 | AP78: 18.42 | AQ78: =AVERAGE(AN78:AP78) -> 18.413333 | AR78: 6.49 | AS78: 6.4 | AT78: 6.35 | AU78: =AVERAGE(AR78:AT78) -> 6.4133333 | AV78: =PI()*((AQ78/2)^2)*AU78 -> 1707.806 | AW78: =((AF78-AQ78)/AF78)*100 -> 3.1556802 | AX78: =((AJ78-AU78)/AJ78)*100 -> 3.3651431 | AY78: =((AK78-AV78)/AK78)*100 -> 9.3678852
B79: Reference D | C79: 18.82 | D79: 18.95 | E79: 18.91 | F79: =AVERAGE(C79:E79) -> 18.893333 | G79: 6.53 | H79: 6.27 | I79: 6.35 | J79: =AVERAGE(G79:I79) -> 6.3833333 | K79: =PI()*((F79/2)^2)*J79 -> 1789.5943 | M79: Reference D | N79: 18.62 | O79: 18.52 | P79: 18.54 | Q79: =AVERAGE(N79:P79) -> 18.56 | R79: 6.42 | S79: 6.25 | T79: 6.03 | U79: =AVERAGE(R79:T79) -> 6.2333333 | V79: =PI()*((Q79/2)^2)*U79 -> 1686.4217 | W79: =((F79-Q79)/F79)*100 -> 1.7642908 | X79: =((J79-U79)/J79)*100 -> 2.3498695 | Y79: =((K79-V79)/K79)*100 -> 5.7651381 | AB79: Reference D | AC79: 18.97 | AD79: 18.92 | AE79: 19.03 | AF79: =AVERAGE(AC79:AE79) -> 18.973333 | AG79: 6.57 | AH79: 6.71 | AI79: 6.72 | AJ79: =AVERAGE(AG79:AI79) -> 6.6666667 | AK79: =PI()*((AF79/2)^2)*AJ79 -> 1884.8895 | AM79: Reference D | AN79: 18.4 | AO79: 18.42 | AP79: 18.4 | AQ79: =AVERAGE(AN79:AP79) -> 18.406667 | AR79: 6.44 | AS79: 6.46 | AT79: 6.53 | AU79: =AVERAGE(AR79:AT79) -> 6.4766667 | AV79: =PI()*((AQ79/2)^2)*AU79 -> 1723.4224 | AW79: =((AF79-AQ79)/AF79)*100 -> 2.9866479 | AX79: =((AJ79-AU79)/AJ79)*100 -> 2.85 | AY79: =((AK79-AV79)/AK79)*100 -> 8.5663985
B80: Reference E | C80: 18.75 | D80: 19.1 | E80: 18.76 | F80: =AVERAGE(C80:E80) -> 18.87 | G80: 6.31 | H80: 6.32 | I80: 6.61 | J80: =AVERAGE(G80:I80) -> 6.4133333 | K80: =PI()*((F80/2)^2)*J80 -> 1793.5665 | M80: Reference E | N80: 18.48 | O80: 18.85 | P80: 18.56 | Q80: =AVERAGE(N80:P80) -> 18.63 | R80: 6.37 | S80: 6.58 | T80: 6.49 | U80: =AVERAGE(R80:T80) -> 6.48 | V80: =PI()*((Q80/2)^2)*U80 -> 1766.4063 | W80: =((F80-Q80)/F80)*100 -> 1.2718601 | X80: =((J80-U80)/J80)*100 -> -1.039501 | Y80: =((K80-V80)/K80)*100 -> 1.5143167 | AB80: Reference E | AC80: 19 | AD80: 19.06 | AE80: 19.01 | AF80: =AVERAGE(AC80:AE80) -> 19.023333 | AG80: 6.5 | AH80: 6.51 | AI80: 6.6 | AJ80: =AVERAGE(AG80:AI80) -> 6.5366667 | AK80: =PI()*((AF80/2)^2)*AJ80 -> 1857.8877 | AM80: Reference E | AN80: 18.5 | AO80: 18.61 | AP80: 18.35 | AQ80: =AVERAGE(AN80:AP80) -> 18.486667 | AR80: 6.38 | AS80: 6.43 | AT80: 6.36 | AU80: =AVERAGE(AR80:AT80) -> 6.39 | AV80: =PI()*((AQ80/2)^2)*AU80 -> 1715.1731 | AW80: =((AF80-AQ80)/AF80)*100 -> 2.8210969 | AX80: =((AJ80-AU80)/AJ80)*100 -> 2.2437532 | AY80: =((AK80-AV80)/AK80)*100 -> 7.6815499
B81: Reference F | C81: 18.94 | D81: 18.71 | E81: 18.86 | F81: =AVERAGE(C81:E81) -> 18.836667 | G81: 6.68 | H81: 6.78 | I81: 6.58 | J81: =AVERAGE(G81:I81) -> 6.68 | K81: =PI()*((F81/2)^2)*J81 -> 1861.5489 | M81: Reference F | N81: 18.46 | O81: 18.56 | P81: 18.34 | Q81: =AVERAGE(N81:P81) -> 18.453333 | R81: 6.58 | S81: 6.42 | T81: 6.56 | U81: =AVERAGE(R81:T81) -> 6.52 | V81: =PI()*((Q81/2)^2)*U81 -> 1743.7617 | W81: =((F81-Q81)/F81)*100 -> 2.035038 | X81: =((J81-U81)/J81)*100 -> 2.3952096 | Y81: =((K81-V81)/K81)*100 -> 6.327377 | AB81: Reference F | AC81: 18.99 | AD81: 19.05 | AE81: 19 | AF81: =AVERAGE(AC81:AE81) -> 19.013333 | AG81: 6.45 | AH81: 6.46 | AI81: 6.48 | AJ81: =AVERAGE(AG81:AI81) -> 6.4633333 | AK81: =PI()*((AF81/2)^2)*AJ81 -> 1835.1136 | AM81: Reference F | AN81: 18.98 | AO81: 18.5 | AP81: 18.9 | AQ81: =AVERAGE(AN81:AP81) -> 18.793333 | AR81: 6.21 | AS81: 6.25 | AT81: 6.29 | AU81: =AVERAGE(AR81:AT81) -> 6.25 | AV81: =PI()*((AQ81/2)^2)*AU81 -> 1733.7143 | AW81: =((AF81-AQ81)/AF81)*100 -> 1.1570827 | AX81: =((AJ81-AU81)/AJ81)*100 -> 3.3006704 | AY81: =((AK81-AV81)/AK81)*100 -> 5.5255065
B82: Reference G | C82: 18.87 | D82: 19.11 | E82: 18.98 | F82: =AVERAGE(C82:E82) -> 18.986667 | G82: 6.29 | H82: 6.57 | I82: 6.41 | J82: =AVERAGE(G82:I82) -> 6.4233333 | K82: =PI()*((F82/2)^2)*J82 -> 1818.6444 | M82: Reference G | N82: 18.57 | O82: 18.92 | P82: 18.5 | Q82: =AVERAGE(N82:P82) -> 18.663333 | R82: 6.34 | S82: 6.35 | T82: 6.7 | U82: =AVERAGE(R82:T82) -> 6.4633333 | V82: =PI()*((Q82/2)^2)*U82 -> 1768.1734 | W82: =((F82-Q82)/F82)*100 -> 1.7029494 | X82: =((J82-U82)/J82)*100 -> -0.62272963 | Y82: =((K82-V82)/K82)*100 -> 2.7751978 | AB82: Reference G | AC82: 18.92 | AD82: 19.07 | AE82: 19 | AF82: =AVERAGE(AC82:AE82) -> 18.996667 | AG82: 6.58 | AH82: 6.8 | AI82: 6.52 | AJ82: =AVERAGE(AG82:AI82) -> 6.6333333 | AK82: =PI()*((AF82/2)^2)*AJ82 -> 1880.0808 | AM82: Reference G | AN82: 18.59 | AO82: 18.44 | AP82: 18.47 | AQ82: =AVERAGE(AN82:AP82) -> 18.5 | AR82: 6.44 | AS82: 6.52 | AT82: 6.34 | AU82: =AVERAGE(AR82:AT82) -> 6.4333333 | AV82: =PI()*((AQ82/2)^2)*AU82 -> 1729.2962 | AW82: =((AF82-AQ82)/AF82)*100 -> 2.6144938 | AX82: =((AJ82-AU82)/AJ82)*100 -> 3.0150754 | AY82: =((AK82-AV82)/AK82)*100 -> 8.0201102
A83: #0252-#0262 | B83: Reference A | C83: 18.87 | D83: 18.83 | E83: 19.02 | F83: =AVERAGE(C83:E83) -> 18.906667 | G83: 6.63 | H83: 6.63 | I83: 6.63 | J83: =AVERAGE(G83:I83) -> 6.63 | K83: =PI()*((F83/2)^2)*J83 -> 1861.3727 | L83: #0252-#0262 | M83: Reference A | N83: 18.34 | O83: 18.2 | P83: 18.35 | Q83: =AVERAGE(N83:P83) -> 18.296667 | R83: 6.36 | S83: 6.35 | T83: 6.33 | U83: =AVERAGE(R83:T83) -> 6.3466667 | V83: =PI()*((Q83/2)^2)*U83 -> 1668.7048 | W83: =((F83-Q83)/F83)*100 -> 3.2263752 | X83: =((J83-U83)/J83)*100 -> 4.2735043 | Y83: =((K83-V83)/K83)*100 -> 10.35085 | AA83: #0252-Pilot-8 | AB83: Reference A | AC83: 18.87 | AD83: 18.9 | AE83: 18.92 | AF83: =AVERAGE(AC83:AE83) -> 18.896667 | AG83: 6.43 | AH83: 6.4 | AI83: 6.44 | AJ83: =AVERAGE(AG83:AI83) -> 6.4233333 | AK83: =PI()*((AF83/2)^2)*AJ83 -> 1801.4439 | AL83: #0252-Pilot-8 | AM83: Reference A | AN83: 18.1 | AO83: 18.15 | AP83: 18.14 | AQ83: =AVERAGE(AN83:AP83) -> 18.13 | AR83: 6.26 | AS83: 6.22 | AT83: 6.58 | AU83: =AVERAGE(AR83:AT83) -> 6.3533333 | AV83: =PI()*((AQ83/2)^2)*AU83 -> 1640.1635 | AW83: =((AF83-AQ83)/AF83)*100 -> 4.0571529 | AX83: =((AJ83-AU83)/AJ83)*100 -> 1.0897769 | AY83: =((AK83-AV83)/AK83)*100 -> 8.9528438
B84: Reference B | C84: 18.87 | D84: 18.87 | E84: 18.83 | F84: =AVERAGE(C84:E84) -> 18.856667 | G84: 6.56 | H84: 6.32 | I84: 6.45 | J84: =AVERAGE(G84:I84) -> 6.4433333 | K84: =PI()*((F84/2)^2)*J84 -> 1799.4108 | M84: Reference B | N84: 18.09 | O84: 18.17 | P84: 18.29 | Q84: =AVERAGE(N84:P84) -> 18.183333 | R84: 6.23 | S84: 6.33 | T84: 6.15 | U84: =AVERAGE(R84:T84) -> 6.2366667 | V84: =PI()*((Q84/2)^2)*U84 -> 1619.5316 | W84: =((F84-Q84)/F84)*100 -> 3.5707972 | X84: =((J84-U84)/J84)*100 -> 3.2074496 | Y84: =((K84-V84)/K84)*100 -> 9.9965648 | AB84: Reference B | AC84: 19.9 | AD84: 18.77 | AE84: 18.95 | AF84: =AVERAGE(AC84:AE84) -> 19.206667 | AG84: 6.47 | AH84: 6.52 | AI84: 6.39 | AJ84: =AVERAGE(AG84:AI84) -> 6.46 | AK84: =PI()*((AF84/2)^2)*AJ84 -> 1871.6576 | AM84: Reference B | AN84: 17.99 | AO84: 18.19 | AP84: 17.96 | AQ84: =AVERAGE(AN84:AP84) -> 18.046667 | AR84: 6.27 | AS84: 6.33 | AT84: 6.34 | AU84: =AVERAGE(AR84:AT84) -> 6.3133333 | AV84: =PI()*((AQ84/2)^2)*AU84 -> 1614.8887 | AW84: =((AF84-AQ84)/AF84)*100 -> 6.0395696 | AX84: =((AJ84-AU84)/AJ84)*100 -> 2.2703818 | AY84: =((AK84-AV84)/AK84)*100 -> 13.718796
B85: Reference C | C85: 18.91 | D85: 18.6 | E85: 18.96 | F85: =AVERAGE(C85:E85) -> 18.823333 | G85: 6.65 | H85: 6.71 | I85: 6.67 | J85: =AVERAGE(G85:I85) -> 6.6766667 | K85: =PI()*((F85/2)^2)*J85 -> 1857.9869 | M85: Reference C | N85: 18.28 | O85: 17.82 | P85: 18.27 | Q85: =AVERAGE(N85:P85) -> 18.123333 | R85: 6.38 | S85: 6.4 | T85: 6.45 | U85: =AVERAGE(R85:T85) -> 6.41 | V85: =PI()*((Q85/2)^2)*U85 -> 1653.5756 | W85: =((F85-Q85)/F85)*100 -> 3.7187887 | X85: =((J85-U85)/J85)*100 -> 3.994009 | Y85: =((K85-V85)/K85)*100 -> 11.001759 | AB85: Reference C | AC85: 19.88 | AD85: 18.87 | AE85: 18.91 | AF85: =AVERAGE(AC85:AE85) -> 19.22 | AG85: 6.49 | AH85: 6.53 | AI85: 6.51 | AJ85: =AVERAGE(AG85:AI85) -> 6.51 | AK85: =PI()*((AF85/2)^2)*AJ85 -> 1888.7637 | AM85: Reference C | AN85: 18.12 | AO85: 18.1 | AP85: 18.02 | AQ85: =AVERAGE(AN85:AP85) -> 18.08 | AR85: 6.41 | AS85: 6.36 | AT85: 6.38 | AU85: =AVERAGE(AR85:AT85) -> 6.3833333 | AV85: =PI()*((AQ85/2)^2)*AU85 -> 1638.8313 | AW85: =((AF85-AQ85)/AF85)*100 -> 5.9313215 | AX85: =((AJ85-AU85)/AJ85)*100 -> 1.9457245 | AY85: =((AK85-AV85)/AK85)*100 -> 13.232593
B86: Reference D | C86: 18.92 | D86: 18.73 | E86: 18.91 | F86: =AVERAGE(C86:E86) -> 18.853333 | G86: 6.54 | H86: 6.6 | I86: 6.58 | J86: =AVERAGE(G86:I86) -> 6.5733333 | K86: =PI()*((F86/2)^2)*J86 -> 1835.0666 | M86: Reference D | N86: 17.99 | O86: 18.08 | P86: 18.15 | Q86: =AVERAGE(N86:P86) -> 18.073333 | R86: 6.31 | S86: 6.32 | T86: 6.34 | U86: =AVERAGE(R86:T86) -> 6.3233333 | V86: =PI()*((Q86/2)^2)*U86 -> 1622.2302 | W86: =((F86-Q86)/F86)*100 -> 4.1371994 | X86: =((J86-U86)/J86)*100 -> 3.8032454 | Y86: =((K86-V86)/K86)*100 -> 11.598294 | AB86: Reference D | AC86: 19.88 | AD86: 18.85 | AE86: 18.95 | AF86: =AVERAGE(AC86:AE86) -> 19.226667 | AG86: 6.39 | AH86: 6.44 | AI86: 6.45 | AJ86: =AVERAGE(AG86:AI86) -> 6.4266667 | AK86: =PI()*((AF86/2)^2)*AJ86 -> 1865.8797 | AM86: Reference D | AN86: 18.25 | AO86: 18.91 | AP86: 18.27 | AQ86: =AVERAGE(AN86:AP86) -> 18.476667 | AR86: 6.29 | AS86: 6.34 | AT86: 6.29 | AU86: =AVERAGE(AR86:AT86) -> 6.3066667 | AV86: =PI()*((AQ86/2)^2)*AU86 -> 1690.9743 | AW86: =((AF86-AQ86)/AF86)*100 -> 3.9008322 | AX86: =((AJ86-AU86)/AJ86)*100 -> 1.8672199 | AY86: =((AK86-AV86)/AK86)*100 -> 9.3738864
B87: Reference E | C87: 18.8 | D87: 18.82 | E87: 18.88 | F87: =AVERAGE(C87:E87) -> 18.833333 | G87: 6.59 | H87: 6.66 | I87: 6.6 | J87: =AVERAGE(G87:I87) -> 6.6166667 | K87: =PI()*((F87/2)^2)*J87 -> 1843.2469 | M87: Reference E | N87: 17.9 | O87: 18.06 | P87: 17.89 | Q87: =AVERAGE(N87:P87) -> 17.95 | R87: 6.46 | S87: 6.42 | T87: 6.39 | U87: =AVERAGE(R87:T87) -> 6.4233333 | V87: =PI()*((Q87/2)^2)*U87 -> 1625.4711 | W87: =((F87-Q87)/F87)*100 -> 4.6902655 | X87: =((J87-U87)/J87)*100 -> 2.9219144 | Y87: =((K87-V87)/K87)*100 -> 11.814796 | AB87: Reference E | AC87: 19.01 | AD87: 18.87 | AE87: 18.99 | AF87: =AVERAGE(AC87:AE87) -> 18.956667 | AG87: 6.61 | AH87: 6.71 | AI87: 6.62 | AJ87: =AVERAGE(AG87:AI87) -> 6.6466667 | AK87: =PI()*((AF87/2)^2)*AJ87 -> 1875.9347 | AM87: Reference E | AN87: 18.3 | AO87: 17.97 | AP87: 18.34 | AQ87: =AVERAGE(AN87:AP87) -> 18.203333 | AR87: 6.45 | AS87: 6.44 | AT87: 6.52 | AU87: =AVERAGE(AR87:AT87) -> 6.47 | AV87: =PI()*((AQ87/2)^2)*AU87 -> 1683.8213 | AW87: =((AF87-AQ87)/AF87)*100 -> 3.9739757 | AX87: =((AJ87-AU87)/AJ87)*100 -> 2.6579739 | AY87: =((AK87-AV87)/AK87)*100 -> 10.240944
B88: Reference F | C88: 18.94 | D88: 18.75 | E88: 18.78 | F88: =AVERAGE(C88:E88) -> 18.823333 | G88: 6.59 | H88: 6.65 | I88: 6.74 | J88: =AVERAGE(G88:I88) -> 6.66 | K88: =PI()*((F88/2)^2)*J88 -> 1853.3489 | M88: Reference F | N88: 18.21 | O88: 18.02 | P88: 18.39 | Q88: =AVERAGE(N88:P88) -> 18.206667 | R88: 6.45 | S88: 6.47 | T88: 6.39 | U88: =AVERAGE(R88:T88) -> 6.4366667 | V88: =PI()*((Q88/2)^2)*U88 -> 1675.7599 | W88: =((F88-Q88)/F88)*100 -> 3.2760758 | X88: =((J88-U88)/J88)*100 -> 3.3533534 | Y88: =((K88-V88)/K88)*100 -> 9.5820605 | AB88: Reference F | AC88: 18.84 | AD88: 19.16 | AE88: 18.71 | AF88: =AVERAGE(AC88:AE88) -> 18.903333 | AG88: 6.52 | AH88: 6.42 | AI88: 6.41 | AJ88: =AVERAGE(AG88:AI88) -> 6.45 | AK88: =PI()*((AF88/2)^2)*AJ88 -> 1810.1993 | AM88: Reference F | AN88: 17.96 | AO88: 18.28 | AP88: 18.03 | AQ88: =AVERAGE(AN88:AP88) -> 18.09 | AR88: 6.36 | AS88: 6.38 | AT88: 6.39 | AU88: =AVERAGE(AR88:AT88) -> 6.3766667 | AV88: =PI()*((AQ88/2)^2)*AU88 -> 1638.9312 | AW88: =((AF88-AQ88)/AF88)*100 -> 4.3025921 | AX88: =((AJ88-AU88)/AJ88)*100 -> 1.1369509 | AY88: =((AK88-AV88)/AK88)*100 -> 9.4612802
B89: Reference G | C89: 18.74 | D89: 18.95 | E89: 18.75 | F89: =AVERAGE(C89:E89) -> 18.813333 | G89: 6.5 | H89: 6.7 | I89: 6.74 | J89: =AVERAGE(G89:I89) -> 6.6466667 | K89: =PI()*((F89/2)^2)*J89 -> 1847.6737 | M89: Reference G | N89: 18.1 | O89: 18.3 | P89: 18.09 | Q89: =AVERAGE(N89:P89) -> 18.163333 | R89: 6.27 | S89: 6.43 | T89: 6.35 | U89: =AVERAGE(R89:T89) -> 6.35 | V89: =PI()*((Q89/2)^2)*U89 -> 1645.3364 | W89: =((F89-Q89)/F89)*100 -> 3.4549965 | X89: =((J89-U89)/J89)*100 -> 4.4633902 | Y89: =((K89-V89)/K89)*100 -> 10.950921 | AB89: Reference G | AC89: 18.83 | AD89: 18.75 | AE89: 18.77 | AF89: =AVERAGE(AC89:AE89) -> 18.783333 | AG89: 6.4 | AH89: 6.46 | AI89: 6.45 | AJ89: =AVERAGE(AG89:AI89) -> 6.4366667 | AK89: =PI()*((AF89/2)^2)*AJ89 -> 1783.5949 | AM89: Reference G | AN89: 18.19 | AO89: 17.99 | AP89: 18.26 | AQ89: =AVERAGE(AN89:AP89) -> 18.146667 | AR89: 6.29 | AS89: 6.27 | AT89: 6.32 | AU89: =AVERAGE(AR89:AT89) -> 6.2933333 | AV89: =PI()*((AQ89/2)^2)*AU89 -> 1627.6624 | AW89: =((AF89-AQ89)/AF89)*100 -> 3.3895297 | AX89: =((AJ89-AU89)/AJ89)*100 -> 2.2268255 | AY89: =((AK89-AV89)/AK89)*100 -> 8.7425964
A90: SSA-Av-Raw #3 | B90: efter 105°C | L90: SSA-Av-Raw | M90: SSA-Av efter 1050°C | AA90: SSA-Av-ED #3 | AB90: efter 105°C | AL90: SSA-Av-ED | AM90: SSA-Av efter 1050°C
B91: Prøve | C91: diameter 1 | D91: diameter 2 | E91: diameter 3 | F91: gennemsnit | G91: højde 1 | H91: højde 2 | I91: højde 3 | J91: gennemsnit | K91: Vol | M91: Prøve | N91: diameter 1 | O91: diameter 2 | P91: diameter 3 | Q91: gennemsnit | R91: højde 1 | S91: højde 2 | T91: højde 3 | U91: gennemsnit | V91: Vol | W91: Shrinkage D [%] | X91: Shrinkage h [%] | Y91: Shrinkage [%] | AB91: Prøve | AC91: diameter 1 | AD91: diameter 2 | AE91: diameter 3 | AF91: gennemsnit | AG91: højde 1 | AH91: højde 2 | AI91: højde 3 | AJ91: gennemsnit | AK91: Vol | AM91: Prøve | AN91: diameter 1 | AO91: diameter 2 | AP91: diameter 3 | AQ91: gennemsnit | AR91: højde 1 | AS91: højde 2 | AT91: højde 3 | AU91: gennemsnit | AV91: Vol | AW91: Shrinkage D [%] | AX91: Shrinkage h [%] | AY91: Shrinkage [%]
A92: #0250-#0262 | B92: Reference A | C92: 19.07 | D92: 19.05 | E92: 19.13 | F92: =AVERAGE(C92:E92) -> 19.083333 | G92: 6.23 | H92: 6.3 | I92: 6.25 | J92: =AVERAGE(G92:I92) -> 6.26 | K92: =PI()*((F92/2)^2)*J92 -> 1790.4932 | L92: #0250-#0262 | M92: Reference A | N92: 18.41 | O92: 18.35 | P92: 18.5 | Q92: =AVERAGE(N92:P92) -> 18.42 | R92: 5.93 | S92: 5.96 | T92: 5.98 | U92: =AVERAGE(R92:T92) -> 5.9566667 | V92: =PI()*((Q92/2)^2)*U92 -> 1587.349 | W92: =((F92-Q92)/F92)*100 -> 3.4759825 | X92: =((J92-U92)/J92)*100 -> 4.8455804 | Y92: =((K92-V92)/K92)*100 -> 11.345713 | AA92: #0250-Pilot-8 | AB92: Reference A | AC92: 19.19 | AD92: 19.06 | AE92: 19.16 | AF92: =AVERAGE(AC92:AE92) -> 19.136667 | AG92: 6.47 | AH92: 6.48 | AI92: 6.54 | AJ92: =AVERAGE(AG92:AI92) -> 6.4966667 | AK92: =PI()*((AF92/2)^2)*AJ92 -> 1868.5858 | AL92: #0250-Pilot-8 | AM92: Reference A | AN92: 18.13 | AO92: 17.98 | AP92: 18.17 | AQ92: =AVERAGE(AN92:AP92) -> 18.093333 | AR92: 6.09 | AS92: 6.16 | AT92: 6.16 | AU92: =AVERAGE(AR92:AT92) -> 6.1366667 | AV92: =PI()*((AQ92/2)^2)*AU92 -> 1577.8277 | AW92: =((AF92-AQ92)/AF92)*100 -> 5.4520118 | AX92: =((AJ92-AU92)/AJ92)*100 -> 5.5413032 | AY92: =((AK92-AV92)/AK92)*100 -> 15.560329
B93: Reference B | C93: 19.1 | D93: 19.07 | E93: 18.96 | F93: =AVERAGE(C93:E93) -> 19.043333 | G93: 6.34 | H93: 6.32 | I93: 6.33 | J93: =AVERAGE(G93:I93) -> 6.33 | K93: =PI()*((F93/2)^2)*J93 -> 1802.9328 | M93: Reference B | N93: 18.4 | O93: 18.31 | P93: 18.36 | Q93: =AVERAGE(N93:P93) -> 18.356667 | R93: 6.06 | S93: 6.04 | T93: 5.99 | U93: =AVERAGE(R93:T93) -> 6.03 | V93: =PI()*((Q93/2)^2)*U93 -> 1595.8602 | W93: =((F93-Q93)/F93)*100 -> 3.6058113 | X93: =((J93-U93)/J93)*100 -> 4.7393365 | Y93: =((K93-V93)/K93)*100 -> 11.485319 | AB93: Reference B | AC93: 19.17 | AD93: 19.02 | AE93: 19.1 | AF93: =AVERAGE(AC93:AE93) -> 19.096667 | AG93: 6.29 | AH93: 6.26 | AI93: 6.39 | AJ93: =AVERAGE(AG93:AI93) -> 6.3133333 | AK93: =PI()*((AF93/2)^2)*AJ93 -> 1808.2719 | AM93: Reference B | AN93: 18.12 | AO93: 17.91 | AP93: 18.09 | AQ93: =AVERAGE(AN93:AP93) -> 18.04 | AR93: 5.89 | AS93: 5.91 | AT93: 5.86 | AU93: =AVERAGE(AR93:AT93) -> 5.8866667 | AV93: =PI()*((AQ93/2)^2)*AU93 -> 1504.6393 | AW93: =((AF93-AQ93)/AF93)*100 -> 5.5332519 | AX93: =((AJ93-AU93)/AJ93)*100 -> 6.7581837 | AY93: =((AK93-AV93)/AK93)*100 -> 16.791316
B94: Reference C | C94: 19.1 | D94: 19.02 | E94: 19.03 | F94: =AVERAGE(C94:E94) -> 19.05 | G94: 6.2 | H94: 6.37 | I94: 6.39 | J94: =AVERAGE(G94:I94) -> 6.32 | K94: =PI()*((F94/2)^2)*J94 -> 1801.3451 | M94: Reference C | N94: 18.34 | O94: 18.15 | P94: 18.16 | Q94: =AVERAGE(N94:P94) -> 18.216667 | R94: 6.16 | S94: 6.08 | T94: 6.04 | U94: =AVERAGE(R94:T94) -> 6.0933333 | V94: =PI()*((Q94/2)^2)*U94 -> 1588.1175 | W94: =((F94-Q94)/F94)*100 -> 4.3744532 | X94: =((J94-U94)/J94)*100 -> 3.5864979 | Y94: =((K94-V94)/K94)*100 -> 11.83713 | AB94: Reference C | AC94: 19.16 | AD94: 19.05 | AE94: 19.27 | AF94: =AVERAGE(AC94:AE94) -> 19.16 | AG94: 6.6 | AH94: 6.61 | AI94: 6.61 | AJ94: =AVERAGE(AG94:AI94) -> 6.6066667 | AK94: =PI()*((AF94/2)^2)*AJ94 -> 1904.861 | AM94: Reference C | AN94: 17.99 | AO94: 17.75 | AP94: 17.92 | AQ94: =AVERAGE(AN94:AP94) -> 17.886667 | AR94: 6.13 | AS94: 6.13 | AT94: 6.19 | AU94: =AVERAGE(AR94:AT94) -> 6.15 | AV94: =PI()*((AQ94/2)^2)*AU94 -> 1545.3392 | AW94: =((AF94-AQ94)/AF94)*100 -> 6.6457898 | AX94: =((AJ94-AU94)/AJ94)*100 -> 6.9122099 | AY94: =((AK94-AV94)/AK94)*100 -> 18.873911
B95: Reference D | C95: 19.02 | D95: 19.03 | E95: 19.01 | F95: =AVERAGE(C95:E95) -> 19.02 | G95: 6.45 | H95: 6.72 | I95: 6.23 | J95: =AVERAGE(G95:I95) -> 6.4666667 | K95: =PI()*((F95/2)^2)*J95 -> 1837.3478 | M95: Reference D | N95: 18.44 | O95: 18.08 | P95: 18.39 | Q95: =AVERAGE(N95:P95) -> 18.303333 | R95: 6.35 | S95: 6.21 | T95: 6.38 | U95: =AVERAGE(R95:T95) -> 6.3133333 | V95: =PI()*((Q95/2)^2)*U95 -> 1661.1505 | W95: =((F95-Q95)/F95)*100 -> 3.7679635 | X95: =((J95-U95)/J95)*100 -> 2.371134 | Y95: =((K95-V95)/K95)*100 -> 9.5897651 | AB95: Reference D | AC95: 19.17 | AD95: 19.14 | AE95: 19.27 | AF95: =AVERAGE(AC95:AE95) -> 19.193333 | AG95: 6.5 | AH95: 6.55 | AI95: 6.55 | AJ95: =AVERAGE(AG95:AI95) -> 6.5333333 | AK95: =PI()*((AF95/2)^2)*AJ95 -> 1890.2773 | AM95: Reference D | AN95: 18.04 | AO95: 17.91 | AP95: 17.95 | AQ95: =AVERAGE(AN95:AP95) -> 17.966667 | AR95: 6.07 | AS95: 6.09 | AT95: 6.16 | AU95: =AVERAGE(AR95:AT95) -> 6.1066667 | AV95: =PI()*((AQ95/2)^2)*AU95 -> 1548.2073 | AW95: =((AF95-AQ95)/AF95)*100 -> 6.391108 | AX95: =((AJ95-AU95)/AJ95)*100 -> 6.5306122 | AY95: =((AK95-AV95)/AK95)*100 -> 18.096284
B96: Reference E | C96: 19.07 | D96: 19.12 | E96: 19.02 | F96: =AVERAGE(C96:E96) -> 19.07 | G96: 6.42 | H96: 6.32 | I96: 6.5 | J96: =AVERAGE(G96:I96) -> 6.4133333 | K96: =PI()*((F96/2)^2)*J96 -> 1831.7875 | M96: Reference E | N96: 18.25 | O96: 18.31 | P96: 18.31 | Q96: =AVERAGE(N96:P96) -> 18.29 | R96: 6.16 | S96: 6.05 | T96: 6.06 | U96: =AVERAGE(R96:T96) -> 6.09 | V96: =PI()*((Q96/2)^2)*U96 -> 1600.0538 | W96: =((F96-Q96)/F96)*100 -> 4.090194 | X96: =((J96-U96)/J96)*100 -> 5.04158 | Y96: =((K96-V96)/K96)*100 -> 12.650685 | AB96: Reference E | AC96: 19.2 | AD96: 19.12 | AE96: 19.12 | AF96: =AVERAGE(AC96:AE96) -> 19.146667 | AG96: 6.39 | AH96: 6.39 | AI96: 6.44 | AJ96: =AVERAGE(AG96:AI96) -> 6.4066667 | AK96: =PI()*((AF96/2)^2)*AJ96 -> 1844.6262 | AM96: Reference E | AN96: 18.03 | AO96: 17.93 | AP96: 17.94 | AQ96: =AVERAGE(AN96:AP96) -> 17.966667 | AR96: 6.08 | AS96: 5.99 | AT96: 6.02 | AU96: =AVERAGE(AR96:AT96) -> 6.03 | AV96: =PI()*((AQ96/2)^2)*AU96 -> 1528.7702 | AW96: =((AF96-AQ96)/AF96)*100 -> 6.1629526 | AX96: =((AJ96-AU96)/AJ96)*100 -> 5.8792924 | AY96: =((AK96-AV96)/AK96)*100 -> 17.123033
B97: Reference F | C97: 19.5 | D97: 19.15 | E97: 19.08 | F97: =AVERAGE(C97:E97) -> 19.243333 | G97: 6.53 | H97: 6.45 | I97: 6.44 | J97: =AVERAGE(G97:I97) -> 6.4733333 | K97: =PI()*((F97/2)^2)*J97 -> 1882.6884 | M97: Reference F | N97: 18.42 | O97: 18.52 | P97: 18.36 | Q97: =AVERAGE(N97:P97) -> 18.433333 | R97: 6.24 | S97: 6.23 | T97: 6.3 | U97: =AVERAGE(R97:T97) -> 6.2566667 | V97: =PI()*((Q97/2)^2)*U97 -> 1669.7085 | W97: =((F97-Q97)/F97)*100 -> 4.20925 | X97: =((J97-U97)/J97)*100 -> 3.3470649 | Y97: =((K97-V97)/K97)*100 -> 11.312545 | AB97: Reference F | AC97: 19.07 | AD97: 19.11 | AE97: 19.05 | AF97: =AVERAGE(AC97:AE97) -> 19.076667 | AG97: 6.45 | AH97: 6.48 | AI97: 6.55 | AJ97: =AVERAGE(AG97:AI97) -> 6.4933333 | AK97: =PI()*((AF97/2)^2)*AJ97 -> 1855.9341 | AM97: Reference F | AN97: 18.11 | AO97: 18.05 | AP97: 18.09 | AQ97: =AVERAGE(AN97:AP97) -> 18.083333 | AR97: 6.16 | AS97: 6.09 | AT97: 6.02 | AU97: =AVERAGE(AR97:AT97) -> 6.09 | AV97: =PI()*((AQ97/2)^2)*AU97 -> 1564.0987 | AW97: =((AF97-AQ97)/AF97)*100 -> 5.2070592 | AX97: =((AJ97-AU97)/AJ97)*100 -> 6.211499 | AY97: =((AK97-AV97)/AK97)*100 -> 15.724451
B98: Reference G | C98: 19.12 | D98: 19.07 | E98: 19.22 | F98: =AVERAGE(C98:E98) -> 19.136667 | G98: 6.38 | H98: 6.39 | I98: 6.44 | J98: =AVERAGE(G98:I98) -> 6.4033333 | K98: =PI()*((F98/2)^2)*J98 -> 1841.7411 | M98: Reference G | N98: 18.69 | O98: 18.47 | P98: 18.53 | Q98: =AVERAGE(N98:P98) -> 18.563333 | R98: 6.09 | S98: 6.13 | T98: 6.14 | U98: =AVERAGE(R98:T98) -> 6.12 | V98: =PI()*((Q98/2)^2)*U98 -> 1656.3543 | W98: =((F98-Q98)/F98)*100 -> 2.9959937 | X98: =((J98-U98)/J98)*100 -> 4.4247788 | Y98: =((K98-V98)/K98)*100 -> 10.065846 | AB98: Reference G | AC98: 19.18 | AD98: 19.11 | AE98: 19.26 | AF98: =AVERAGE(AC98:AE98) -> 19.183333 | AG98: 6.52 | AH98: 6.52 | AI98: 6.58 | AJ98: =AVERAGE(AG98:AI98) -> 6.54 | AK98: =PI()*((AF98/2)^2)*AJ98 -> 1890.2349 | AM98: Reference G | AN98: 18.21 | AO98: 18.14 | AP98: 18.35 | AQ98: =AVERAGE(AN98:AP98) -> 18.233333 | AR98: 6.19 | AS98: 6.19 | AT98: 6.17 | AU98: =AVERAGE(AR98:AT98) -> 6.1833333 | AV98: =PI()*((AQ98/2)^2)*AU98 -> 1614.5247 | AW98: =((AF98-AQ98)/AF98)*100 -> 4.9522155 | AX98: =((AJ98-AU98)/AJ98)*100 -> 5.4536188 | AY98: =((AK98-AV98)/AK98)*100 -> 14.58603
A99: #0252-#0262 | B99: Reference A | C99: 19.01 | D99: 18.96 | E99: 18.89 | F99: =AVERAGE(C99:E99) -> 18.953333 | G99: 6.27 | H99: 6.46 | I99: 6.34 | J99: =AVERAGE(G99:I99) -> 6.3566667 | K99: =PI()*((F99/2)^2)*J99 -> 1793.4552 | L99: #0252-#0262 | M99: Reference A | N99: 17.76 | O99: 17.8 | P99: 17.64 | Q99: =AVERAGE(N99:P99) -> 17.733333 | R99: 5.85 | S99: 6.08 | T99: 6.06 | U99: =AVERAGE(R99:T99) -> 5.9966667 | V99: =PI()*((Q99/2)^2)*U99 -> 1481.0869 | W99: =((F99-Q99)/F99)*100 -> 6.4368625 | X99: =((J99-U99)/J99)*100 -> 5.6633456 | Y99: =((K99-V99)/K99)*100 -> 17.41712 | AA99: #0252-Pilot-8 | AB99: Reference A | AC99: 18.91 | AD99: 19.02 | AE99: 18.91 | AF99: =AVERAGE(AC99:AE99) -> 18.946667 | AG99: 6.59 | AH99: 6.56 | AI99: 6.54 | AJ99: =AVERAGE(AG99:AI99) -> 6.5633333 | AK99: =PI()*((AF99/2)^2)*AJ99 -> 1850.4612 | AL99: #0252-Pilot-8 | AM99: Reference A | AN99: 18 | AO99: 17.91 | AP99: 17.86 | AQ99: =AVERAGE(AN99:AP99) -> 17.923333 | AR99: 6.34 | AS99: 6.35 | AT99: 6.37 | AU99: =AVERAGE(AR99:AT99) -> 6.3533333 | AV99: =PI()*((AQ99/2)^2)*AU99 -> 1602.9836 | AW99: =((AF99-AQ99)/AF99)*100 -> 5.401126 | AX99: =((AJ99-AU99)/AJ99)*100 -> 3.1995937 | AY99: =((AK99-AV99)/AK99)*100 -> 13.37383
B100: Reference B | C100: 19.08 | D100: 19.05 | E100: 19.06 | F100: =AVERAGE(C100:E100) -> 19.063333 | G100: 6.44 | H100: 6.5 | I100: 6.51 | J100: =AVERAGE(G100:I100) -> 6.4833333 | K100: =PI()*((F100/2)^2)*J100 -> 1850.4865 | M100: Reference B | N100: 17.76 | O100: 17.77 | P100: 17.73 | Q100: =AVERAGE(N100:P100) -> 17.753333 | R100: 6.08 | S100: 6.19 | T100: 6.19 | U100: =AVERAGE(R100:T100) -> 6.1533333 | V100: =PI()*((Q100/2)^2)*U100 -> 1523.2112 | W100: =((F100-Q100)/F100)*100 -> 6.8718307 | X100: =((J100-U100)/J100)*100 -> 5.0899743 | Y100: =((K100-V100)/K100)*100 -> 17.685902 | AB100: Reference B | AC100: 19.04 | AD100: 19.06 | AE100: 18.87 | AF100: =AVERAGE(AC100:AE100) -> 18.99 | AG100: 6.46 | AH100: 6.55 | AI100: 6.52 | AJ100: =AVERAGE(AG100:AI100) -> 6.51 | AK100: =PI()*((AF100/2)^2)*AJ100 -> 1843.8297 | AM100: Reference B | AN100: 17.77 | AO100: 18.09 | AP100: 17.8 | AQ100: =AVERAGE(AN100:AP100) -> 17.886667 | AR100: 6.33 | AS100: 6.23 | AT100: 6.29 | AU100: =AVERAGE(AR100:AT100) -> 6.2833333 | AV100: =PI()*((AQ100/2)^2)*AU100 -> 1578.8425 | AW100: =((AF100-AQ100)/AF100)*100 -> 5.8100755 | AX100: =((AJ100-AU100)/AJ100)*100 -> 3.4818228 | AY100: =((AK100-AV100)/AK100)*100 -> 14.371565
B101: Reference C | C101: 19 | D101: 18.94 | E101: 19.03 | F101: =AVERAGE(C101:E101) -> 18.99 | G101: 6.5 | H101: 6.41 | I101: 6.42 | J101: =AVERAGE(G101:I101) -> 6.4433333 | K101: =PI()*((F101/2)^2)*J101 -> 1824.9476 | M101: Reference C | N101: 17.74 | O101: 17.71 | P101: 17.7 | Q101: =AVERAGE(N101:P101) -> 17.716667 | R101: 6.13 | S101: 6.08 | T101: 6 | U101: =AVERAGE(R101:T101) -> 6.07 | V101: =PI()*((Q101/2)^2)*U101 -> 1496.3824 | W101: =((F101-Q101)/F101)*100 -> 6.7052835 | X101: =((J101-U101)/J101)*100 -> 5.7941024 | Y101: =((K101-V101)/K101)*100 -> 18.00409 | AB101: Reference C | AC101: 18.85 | AD101: 19.05 | AE101: 19.07 | AF101: =AVERAGE(AC101:AE101) -> 18.99 | AG101: 6.47 | AH101: 6.43 | AI101: 6.4 | AJ101: =AVERAGE(AG101:AI101) -> 6.4333333 | AK101: =PI()*((AF101/2)^2)*AJ101 -> 1822.1153 | AM101: Reference C | AN101: 18.1 | AO101: 17.85 | AP101: 18.11 | AQ101: =AVERAGE(AN101:AP101) -> 18.02 | AR101: 6.27 | AS101: 6.24 | AT101: 6.2 | AU101: =AVERAGE(AR101:AT101) -> 6.2366667 | AV101: =PI()*((AQ101/2)^2)*AU101 -> 1590.5671 | AW101: =((AF101-AQ101)/AF101)*100 -> 5.1079516 | AX101: =((AJ101-AU101)/AJ101)*100 -> 3.0569948 | AY101: =((AK101-AV101)/AK101)*100 -> 12.707663
B102: Reference D | C102: 19.01 | D102: 18.8 | E102: 19.01 | F102: =AVERAGE(C102:E102) -> 18.94 | G102: 6.63 | H102: 6.56 | I102: 6.42 | J102: =AVERAGE(G102:I102) -> 6.5366667 | K102: =PI()*((F102/2)^2)*J102 -> 1841.6461 | M102: Reference D | N102: 17.76 | O102: 17.45 | P102: 17.82 | Q102: =AVERAGE(N102:P102) -> 17.676667 | R102: 6.25 | S102: 6.18 | T102: 6.2 | U102: =AVERAGE(R102:T102) -> 6.21 | V102: =PI()*((Q102/2)^2)*U102 -> 1523.9904 | W102: =((F102-Q102)/F102)*100 -> 6.6701866 | X102: =((J102-U102)/J102)*100 -> 4.9974503 | Y102: =((K102-V102)/K102)*100 -> 17.248465 | AB102: Reference D | AC102: 19.21 | AD102: 19.06 | AE102: 18.92 | AF102: =AVERAGE(AC102:AE102) -> 19.063333 | AG102: 6.39 | AH102: 6.33 | AI102: 6.36 | AJ102: =AVERAGE(AG102:AI102) -> 6.36 | AK102: =PI()*((AF102/2)^2)*AJ102 -> 1815.2844 | AM102: Reference D | AN102: 17.8 | AO102: 17.98 | AP102: 17.81 | AQ102: =AVERAGE(AN102:AP102) -> 17.863333 | AR102: 6.14 | AS102: 6.17 | AT102: 6.18 | AU102: =AVERAGE(AR102:AT102) -> 6.1633333 | AV102: =PI()*((AQ102/2)^2)*AU102 -> 1544.6516 | AW102: =((AF102-AQ102)/AF102)*100 -> 6.2948068 | AX102: =((AJ102-AU102)/AJ102)*100 -> 3.0922432 | AY102: =((AK102-AV102)/AK102)*100 -> 14.908562
B103: Reference E | C103: 19.02 | D103: 19.03 | E103: 19.05 | F103: =AVERAGE(C103:E103) -> 19.033333 | G103: 6.55 | H103: 6.45 | I103: 6.56 | J103: =AVERAGE(G103:I103) -> 6.52 | K103: =PI()*((F103/2)^2)*J103 -> 1855.0994 | M103: Reference E | N103: 17.54 | O103: 17.74 | P103: 17.79 | Q103: =AVERAGE(N103:P103) -> 17.69 | R103: 6.22 | S103: 6.17 | T103: 6.08 | U103: =AVERAGE(R103:T103) -> 6.1566667 | V103: =PI()*((Q103/2)^2)*U103 -> 1513.1821 | W103: =((F103-Q103)/F103)*100 -> 7.0577933 | X103: =((J103-U103)/J103)*100 -> 5.5725971 | Y103: =((K103-V103)/K103)*100 -> 18.431213 | AB103: Reference E | AC103: 19.02 | AD103: 18.95 | AE103: 18.87 | AF103: =AVERAGE(AC103:AE103) -> 18.946667 | AG103: 6.59 | AH103: 6.55 | AI103: 6.47 | AJ103: =AVERAGE(AG103:AI103) -> 6.5366667 | AK103: =PI()*((AF103/2)^2)*AJ103 -> 1842.9428 | AM103: Reference E | AN103: 17.86 | AO103: 17.88 | AP103: 17.81 | AQ103: =AVERAGE(AN103:AP103) -> 17.85 | AR103: 6.28 | AS103: 6.33 | AT103: 6.4 | AU103: =AVERAGE(AR103:AT103) -> 6.3366667 | AV103: =PI()*((AQ103/2)^2)*AU103 -> 1585.7225 | AW103: =((AF103-AQ103)/AF103)*100 -> 5.7881773 | AX103: =((AJ103-AU103)/AJ103)*100 -> 3.0596634 | AY103: =((AK103-AV103)/AK103)*100 -> 13.957041
B104: Reference F | C104: 19.06 | D104: 19.04 | E104: 19.02 | F104: =AVERAGE(C104:E104) -> 19.04 | G104: 6.43 | H104: 6.29 | I104: 6.39 | J104: =AVERAGE(G104:I104) -> 6.37 | K104: =PI()*((F104/2)^2)*J104 -> 1813.6906 | M104: Reference F | N104: 17.76 | O104: 17.54 | P104: 17.81 | Q104: =AVERAGE(N104:P104) -> 17.703333 | R104: 5.95 | S104: 5.83 | T104: 6.16 | U104: =AVERAGE(R104:T104) -> 5.98 | V104: =PI()*((Q104/2)^2)*U104 -> 1471.9775 | W104: =((F104-Q104)/F104)*100 -> 7.0203081 | X104: =((J104-U104)/J104)*100 -> 6.122449 | Y104: =((K104-V104)/K104)*100 -> 18.840763 | AB104: Reference F | AC104: 18.98 | AD104: 19.04 | AE104: 18.91 | AF104: =AVERAGE(AC104:AE104) -> 18.976667 | AG104: 6.56 | AH104: 6.53 | AI104: 6.51 | AJ104: =AVERAGE(AG104:AI104) -> 6.5333333 | AK104: =PI()*((AF104/2)^2)*AJ104 -> 1847.8408 | AM104: Reference F | AN104: 17.86 | AO104: 18.16 | AP104: 17.83 | AQ104: =AVERAGE(AN104:AP104) -> 17.95 | AR104: 6.3 | AS104: 6.31 | AT104: 6.3 | AU104: =AVERAGE(AR104:AT104) -> 6.3033333 | AV104: =PI()*((AQ104/2)^2)*AU104 -> 1595.1042 | AW104: =((AF104-AQ104)/AF104)*100 -> 5.4101528 | AX104: =((AJ104-AU104)/AJ104)*100 -> 3.5204082 | AY104: =((AK104-AV104)/AK104)*100 -> 13.677401
B105: Reference G | C105: 18.94 | D105: 19.04 | E105: 18.79 | F105: =AVERAGE(C105:E105) -> 18.923333 | G105: 6.3 | H105: 6.26 | I105: 6.34 | J105: =AVERAGE(G105:I105) -> 6.3 | K105: =PI()*((F105/2)^2)*J105 -> 1771.8449 | M105: Reference G | N105: 17.68 | O105: 17.68 | P105: 17.68 | Q105: =AVERAGE(N105:P105) -> 17.68 | R105: 5.95 | S105: 5.91 | T105: 5.96 | U105: =AVERAGE(R105:T105) -> 5.94 | V105: =PI()*((Q105/2)^2)*U105 -> 1458.2798 | W105: =((F105-Q105)/F105)*100 -> 6.5703717 | X105: =((J105-U105)/J105)*100 -> 5.7142857 | Y105: =((K105-V105)/K105)*100 -> 17.6971 | AB105: Reference G | AC105: 19.05 | AD105: 18.15 | AE105: 18.98 | AF105: =AVERAGE(AC105:AE105) -> 18.726667 | AG105: 6.66 | AH105: 6.63 | AI105: 6.59 | AJ105: =AVERAGE(AG105:AI105) -> 6.6266667 | AK105: =PI()*((AF105/2)^2)*AJ105 -> 1825.1811 | AM105: Reference G | AN105: 17.91 | AO105: 18.02 | AP105: 18.04 | AQ105: =AVERAGE(AN105:AP105) -> 17.99 | AR105: 6.4 | AS105: 6.38 | AT105: 6.43 | AU105: =AVERAGE(AR105:AT105) -> 6.4033333 | AV105: =PI()*((AQ105/2)^2)*AU105 -> 1627.6399 | AW105: =((AF105-AQ105)/AF105)*100 -> 3.9337843 | AX105: =((AJ105-AU105)/AJ105)*100 -> 3.3702213 | AY105: =((AK105-AV105)/AK105)*100 -> 10.823104
...

Sheet H&D Figures
O6: Average fired D | P6: =AVERAGE(F9:F15,F18:F24,F29:F35,F38:F44,F49:F55,F58:F64,F72:F78,F81:F87,F92:F98,F101:F107,F112:F118,F121:F127,F134:F140,F143:F149,F154:F160,F163:F169,F174:F180,F183:F189,F196:F202,F205:F211,F216:F222,F226:F231,F236:F242,F245:F251,T183:T189,T174:T180,T163:T169,T154:T160,T143:T149,T134:T140,T121:T127,T112:T118,T92:T98,T101:T107,T72:T78,T81:T87) -> 18.16243 | Q6: stdev | R6: =STDEV(F9:F15,F18:F24,F29:F35,F38:F44,F49:F55,F58:F64,F72:F78,F81:F87,F92:F98,F101:F107,F112:F118,F121:F127,F134:F140,F143:F149,F154:F160,F163:F169,F174:F180,F183:F189,F196:F202,F205:F211,F216:F222,F226:F231,F236:F242,F245:F251,T183:T189,T174:T180,T163:T169,T154:T160,T143:T149,T134:T140,T121:T127,T112:T118,T92:T98,T101:T107,T72:T78,T81:T87) -> 0.48609453 | S6: mm2
A7: ='High and Diameter'!A7 -> Ref #4 | C7: efter 105°C | F7: efter 1020°C
B8: Prøve | C8: Diameter | D8: Height | E8: ='High and Diameter'!K8 -> Vol | F8: Diameter | G8: Height | H8: ='High and Diameter'!V8 -> Vol | I8: ='High and Diameter'!W8 -> Shrinkage D [%] | J8: ='High and Diameter'!X8 -> Shrinkage h [%] | K8: ='High and Diameter'!Y8 -> Shrinkage [%] | L8: Drying shrinkage D[%]
A9: Y-Ref | B9: A | C9: ='High and Diameter'!F9 -> 18.606667 | D9: ='High and Diameter'!J9 -> 6.0466667 | E9: ='High and Diameter'!K9 -> 1644.1562 | F9: ='High and Diameter'!Q9 -> 18.643333 | G9: ='High and Diameter'!U9 -> 6.05 | H9: ='High and Diameter'!V9 -> 1651.5525 | I9: ='High and Diameter'!W9 -> -0.19706198 | J9: ='High and Diameter'!X9 -> -0.055126792 | K9: ='High and Diameter'!Y9 -> -0.44985658 | L9: =(20-C9)/20*100 -> 6.9666667 | O9: A
B10: B | C10: ='High and Diameter'!F10 -> 18.58 | D10: ='High and Diameter'!J10 -> 6.0866667 | E10: ='High and Diameter'!K10 -> 1650.2921 | F10: ='High and Diameter'!Q10 -> 18.633333 | G10: ='High and Diameter'!U10 -> 6.1333333 | H10: ='High and Diameter'!V10 -> 1672.5055 | I10: ='High and Diameter'!W10 -> -0.287047 | J10: ='High and Diameter'!X10 -> -0.76670318 | K10: ='High and Diameter'!Y10 -> -1.3460291 | L10: =(20-C10)/20*100 -> 7.1 | O10: B
B11: C | C11: ='High and Diameter'!F11 -> 18.603333 | D11: ='High and Diameter'!J11 -> 6.0433333 | E11: ='High and Diameter'!K11 -> 1642.6611 | F11: ='High and Diameter'!Q11 -> 18.566667 | G11: ='High and Diameter'!U11 -> 6.0333333 | H11: ='High and Diameter'!V11 -> 1633.4847 | I11: ='High and Diameter'!W11 -> 0.19709729 | J11: ='High and Diameter'!X11 -> 0.16547159 | K11: ='High and Diameter'!Y11 -> 0.55862607 | L11: =(20-C11)/20*100 -> 6.9833333 | O11: C
B12: D | C12: ='High and Diameter'!F12 -> 18.673333 | D12: ='High and Diameter'!J12 -> 6.1133333 | E12: ='High and Diameter'!K12 -> 1674.2167 | F12: ='High and Diameter'!Q12 -> 18.633333 | G12: ='High and Diameter'!U12 -> 6.14 | H12: ='High and Diameter'!V12 -> 1674.3234 | I12: ='High and Diameter'!W12 -> 0.21420921 | J12: ='High and Diameter'!X12 -> -0.43620502 | K12: ='High and Diameter'!Y12 -> -0.0063786691 | L12: =(20-C12)/20*100 -> 6.6333333 | O12: D
B13: E | C13: ='High and Diameter'!F13 -> 18.52 | D13: ='High and Diameter'!J13 -> 6.22 | E13: ='High and Diameter'!K13 -> 1675.5687 | F13: ='High and Diameter'!Q13 -> 18.726667 | G13: ='High and Diameter'!U13 -> 6.1766667 | H13: ='High and Diameter'!V13 -> 1701.2377 | I13: ='High and Diameter'!W13 -> -1.1159107 | J13: ='High and Diameter'!X13 -> 0.69667738 | K13: ='High and Diameter'!Y13 -> -1.5319613 | L13: =(20-C13)/20*100 -> 7.4 | O13: E
B14: F | C14: ='High and Diameter'!F14 -> 18.58 | D14: ='High and Diameter'!J14 -> 6.14 | E14: ='High and Diameter'!K14 -> 1664.7525 | F14: ='High and Diameter'!Q14 -> 18.62 | G14: ='High and Diameter'!U14 -> 6.1766667 | H14: ='High and Diameter'!V14 -> 1681.9125 | I14: ='High and Diameter'!W14 -> -0.21528525 | J14: ='High and Diameter'!X14 -> -0.59717698 | K14: ='High and Diameter'!Y14 -> -1.030785 | L14: =(20-C14)/20*100 -> 7.1 | O14: F
B15: G | C15: ='High and Diameter'!F15 -> 18.703333 | D15: ='High and Diameter'!J15 -> 6.1233333 | E15: ='High and Diameter'!K15 -> 1682.3479 | F15: ='High and Diameter'!Q15 -> 18.653333 | G15: ='High and Diameter'!U15 -> 6.1233333 | H15: ='High and Diameter'!V15 -> 1673.365 | I15: ='High and Diameter'!W15 -> 0.26733203 | J15: ='High and Diameter'!X15 -> 0 | K15: ='High and Diameter'!Y15 -> 0.53394939 | L15: =(20-C15)/20*100 -> 6.4833333 | O15: G
A16: Average | C16: =AVERAGE(C9:C15) -> 18.609524 | D16: =AVERAGE(D9:D15) -> 6.1104762 | E16: =AVERAGE(E9:E15) -> 1661.9993 | F16: =AVERAGE(F9:F15) -> 18.639524 | G16: =AVERAGE(G9:G15) -> 6.1190476 | H16: =AVERAGE(H9:H15) -> 1669.7688 | I16: =AVERAGE(I9:I15) -> -0.16238092 | J16: =AVERAGE(J9:J15) -> -0.14186614 | ... L16: =AVERAGE(L9:L15) -> 6.952381
A17: STDEV | C17: =STDEV(C9:C15) -> 0.061476541 | D17: =STDEV(D9:D15) -> 0.060810226 | E17: =STDEV(E9:E15) -> 16.250335 | F17: =STDEV(F9:F15) -> 0.04754836 | G17: =STDEV(G9:G15) -> 0.056885665 | H17: =STDEV(H9:H15) -> 21.707512 | I17: =STDEV(I9:I15) -> 0.48035756 | J17: =STDEV(J9:J15) -> 0.50160178 | ... L17: =STDEV(L9:L15) -> 0.3073827
A18: R-Ref | B18: A | C18: ='High and Diameter'!F16 -> 18.513333 | D18: ='High and Diameter'!J16 -> 6.3133333 | E18: ='High and Diameter'!K16 -> 1699.487 | F18: ='High and Diameter'!Q16 -> 18.55 | G18: ='High and Diameter'!U16 -> 6.38 | H18: ='High and Diameter'!V16 -> 1724.2427 | I18: ='High and Diameter'!W16 -> -0.19805546 | J18: ='High and Diameter'!X16 -> -1.0559662 | K18: ='High and Diameter'!Y16 -> -1.4566563 | L18: =(20-C18)/20*100 -> 7.4333333
B19: B | C19: ='High and Diameter'!F17 -> 18.553333 | D19: ='High and Diameter'!J17 -> 6.2466667 | E19: ='High and Diameter'!K17 -> 1688.8151 | F19: ='High and Diameter'!Q17 -> 18.48 | G19: ='High and Diameter'!U17 -> 6.3566667 | H19: ='High and Diameter'!V17 -> 1704.9956 | I19: ='High and Diameter'!W17 -> 0.39525692 | J19: ='High and Diameter'!X17 -> -1.7609392 | K19: ='High and Diameter'!Y17 -> -0.95809466 | L19: =(20-C19)/20*100 -> 7.2333333
B20: C | C20: ='High and Diameter'!F18 -> 18.49 | D20: ='High and Diameter'!J18 -> 6.5066667 | E20: ='High and Diameter'!K18 -> 1747.1181 | F20: ='High and Diameter'!Q18 -> 18.513333 | G20: ='High and Diameter'!U18 -> 6.5833333 | H20: ='High and Diameter'!V18 -> 1772.1683 | I20: ='High and Diameter'!W18 -> -0.12619434 | J20: ='High and Diameter'!X18 -> -1.1782787 | K20: ='High and Diameter'!Y18 -> -1.4338023 | L20: =(20-C20)/20*100 -> 7.55
B21: D | C21: ='High and Diameter'!F19 -> 18.483333 | D21: ='High and Diameter'!J19 -> 6.2566667 | E21: ='High and Diameter'!K19 -> 1678.7789 | F21: ='High and Diameter'!Q19 -> 18.466667 | G21: ='High and Diameter'!U19 -> 6.3333333 | H21: ='High and Diameter'!V19 -> 1696.2867 | I21: ='High and Diameter'!W19 -> 0.090171326 | J21: ='High and Diameter'!X19 -> -1.2253596 | K21: ='High and Diameter'!Y19 -> -1.0428894 | L21: =(20-C21)/20*100 -> 7.5833333
B22: E | C22: ='High and Diameter'!F20 -> 18.47 | D22: ='High and Diameter'!J20 -> 6.0866667 | E22: ='High and Diameter'!K20 -> 1630.8093 | F22: ='High and Diameter'!Q20 -> 18.576667 | G22: ='High and Diameter'!U20 -> 6.1466667 | H22: ='High and Diameter'!V20 -> 1665.9621 | I22: ='High and Diameter'!W20 -> -0.57751308 | J22: ='High and Diameter'!X20 -> -0.98576123 | K22: ='High and Diameter'!Y20 -> -2.1555413 | L22: =(20-C22)/20*100 -> 7.65
B23: F | C23: ='High and Diameter'!F21 -> 18.496667 | D23: ='High and Diameter'!J21 -> 6.1033333 | E23: ='High and Diameter'!K21 -> 1640.0002 | F23: ='High and Diameter'!Q21 -> 18.573333 | G23: ='High and Diameter'!U21 -> 6.2133333 | H23: ='High and Diameter'!V21 -> 1683.4268 | I23: ='High and Diameter'!W21 -> -0.4144891 | J23: ='High and Diameter'!X21 -> -1.8022938 | K23: ='High and Diameter'!Y21 -> -2.6479616 | L23: =(20-C23)/20*100 -> 7.5166667
B24: G | C24: ='High and Diameter'!F22 -> 18.57 | D24: ='High and Diameter'!J22 -> 6.0666667 | E24: ='High and Diameter'!K22 -> 1643.0993 | F24: ='High and Diameter'!Q22 -> 18.603333 | G24: ='High and Diameter'!U22 -> 6.1533333 | H24: ='High and Diameter'!V22 -> 1672.5606 | I24: ='High and Diameter'!W22 -> -0.17950099 | J24: ='High and Diameter'!X22 -> -1.4285714 | K24: ='High and Diameter'!Y22 -> -1.7930288 | L24: =(20-C24)/20*100 -> 7.15
A25: Average | C25: =AVERAGE(C18:C24) -> 18.510952 | D25: =AVERAGE(D18:D24) -> 6.2257143 | E25: =AVERAGE(E18:E24) -> 1675.444 | F25: =AVERAGE(F18:F24) -> 18.537619 | G25: =AVERAGE(G18:G24) -> 6.3095238 | H25: =AVERAGE(H18:H24) -> 1702.8061 | I25: =AVERAGE(I18:I24) -> -0.1443321 | J25: =AVERAGE(J18:J24) -> -1.3481672 | ... L25: =AVERAGE(L18:L24) -> 7.4452381
A26: STDEV | C26: =STDEV(C18:C24) -> 0.037352886 | D26: =STDEV(D18:D24) -> 0.1568523 | E26: =STDEV(E18:E24) -> 41.230731 | F26: =STDEV(F18:F24) -> 0.051986974 | G26: =STDEV(G18:G24) -> 0.15432564 | H26: =STDEV(H18:H24) -> 36.436629 | I26: =STDEV(I18:I24) -> 0.31917361 | J26: =STDEV(J18:J24) -> 0.32755148 | ... L26: =STDEV(L18:L24) -> 0.18676443
A27: ='High and Diameter'!A23 -> Ref #5 | C27: efter 105°C | F27: efter 1030°C
B28: Prøve | C28: Diameter | D28: Height | E28: ='High and Diameter'!K24 -> Vol | F28: Diameter | G28: Height | H28: ='High and Diameter'!V24 -> Vol | I28: ='High and Diameter'!W24 -> Shrinkage D [%] | J28: ='High and Diameter'!X24 -> Shrinkage h [%] | K28: ='High and Diameter'!Y24 -> Shrinkage [%] | L28: Drying shrinkage D[%]
A29: Y-Ref | B29: A | C29: ='High and Diameter'!F25 -> 18.64 | D29: ='High and Diameter'!J25 -> 6.0366667 | E29: ='High and Diameter'!K25 -> 1647.3235 | F29: ='High and Diameter'!Q25 -> 18.613333 | G29: ='High and Diameter'!U25 -> 6.0733333 | H29: ='High and Diameter'!V25 -> 1652.5907 | I29: ='High and Diameter'!W25 -> 0.14306152 | J29: ='High and Diameter'!X25 -> -0.60739923 | K29: ='High and Diameter'!Y25 -> -0.31974419 | L29: =(20-C29)/20*100 -> 6.8
B30: B | C30: ='High and Diameter'!F26 -> 18.496667 | D30: ='High and Diameter'!J26 -> 6.17 | E30: ='High and Diameter'!K26 -> 1657.9139 | F30: ='High and Diameter'!Q26 -> 18.583333 | G30: ='High and Diameter'!U26 -> 6.14 | H30: ='High and Diameter'!V26 -> 1665.3499 | I30: ='High and Diameter'!W26 -> -0.46855289 | J30: ='High and Diameter'!X26 -> 0.48622366 | K30: ='High and Diameter'!Y26 -> -0.44851044 | L30: =(20-C30)/20*100 -> 7.5166667
B31: C | C31: ='High and Diameter'!F27 -> 18.603333 | D31: ='High and Diameter'!J27 -> 6.0133333 | E31: ='High and Diameter'!K27 -> 1634.5067 | F31: ='High and Diameter'!Q27 -> 18.626667 | G31: ='High and Diameter'!U27 -> 6.01 | H31: ='High and Diameter'!V27 -> 1637.7011 | I31: ='High and Diameter'!W27 -> -0.12542555 | J31: ='High and Diameter'!X27 -> 0.055432373 | K31: ='High and Diameter'!Y27 -> -0.19543691 | L31: =(20-C31)/20*100 -> 6.9833333
B32: D | C32: ='High and Diameter'!F28 -> 18.6 | D32: ='High and Diameter'!J28 -> 6.0966667 | E32: ='High and Diameter'!K28 -> 1656.564 | F32: ='High and Diameter'!Q28 -> 18.68 | G32: ='High and Diameter'!U28 -> 6.1033333 | H32: ='High and Diameter'!V28 -> 1672.6717 | I32: ='High and Diameter'!W28 -> -0.43010753 | J32: ='High and Diameter'!X28 -> -0.10934937 | K32: ='High and Diameter'!Y28 -> -0.97235701 | L32: =(20-C32)/20*100 -> 7
B33: E | C33: ='High and Diameter'!F29 -> 18.5 | D33: ='High and Diameter'!J29 -> 6.2133333 | E33: ='High and Diameter'!K29 -> 1670.1597 | F33: ='High and Diameter'!Q29 -> 18.56 | G33: ='High and Diameter'!U29 -> 6.1033333 | H33: ='High and Diameter'!V29 -> 1651.2503 | I33: ='High and Diameter'!W29 -> -0.32432432 | J33: ='High and Diameter'!X29 -> 1.7703863 | K33: ='High and Diameter'!Y29 -> 1.132188 | L33: =(20-C33)/20*100 -> 7.5
B34: F | C34: ='High and Diameter'!F30 -> 18.58 | D34: ='High and Diameter'!J30 -> 6.03 | E34: ='High and Diameter'!K30 -> 1634.9279 | F34: ='High and Diameter'!Q30 -> 18.64 | G34: ='High and Diameter'!U30 -> 6.0666667 | H34: ='High and Diameter'!V30 -> 1655.5101 | I34: ='High and Diameter'!W30 -> -0.32292788 | J34: ='High and Diameter'!X30 -> -0.60807076 | K34: ='High and Diameter'!Y30 -> -1.2589029 | L34: =(20-C34)/20*100 -> 7.1
B35: G | C35: ='High and Diameter'!F31 -> 19.11 | D35: ='High and Diameter'!J31 -> 5.9933333 | E35: ='High and Diameter'!K31 -> 1719.0151 | F35: ='High and Diameter'!Q31 -> 18.896667 | G35: ='High and Diameter'!U31 -> 6.0033333 | H35: ='High and Diameter'!V31 -> 1683.6536 | I35: ='High and Diameter'!W31 -> 1.116344 | J35: ='High and Diameter'!X31 -> -0.16685206 | K35: ='High and Diameter'!Y31 -> 2.0570781 | L35: =(20-C35)/20*100 -> 4.45
A36: Average | C36: =AVERAGE(C29:C35) -> 18.647143 | D36: =AVERAGE(D29:D35) -> 6.0790476 | E36: =AVERAGE(E29:E35) -> 1660.0587 | F36: =AVERAGE(F29:F35) -> 18.657143 | G36: =AVERAGE(G29:G35) -> 6.0714286 | H36: =AVERAGE(H29:H35) -> 1659.8182 | I36: =AVERAGE(I29:I35) -> -0.058847526 | J36: =AVERAGE(J29:J35) -> 0.11719584 | ... L36: =AVERAGE(L29:L35) -> 6.7642857
A37: STDEV | C37: =STDEV(C29:C35) -> 0.21104176 | D37: =STDEV(D29:D35) -> 0.084145251 | E37: =STDEV(E29:E35) -> 28.986622 | F37: =STDEV(F29:F35) -> 0.11248751 | G37: =STDEV(G29:G35) -> 0.050290163 | H37: =STDEV(H29:H35) -> 15.260571 | I37: =STDEV(I29:I35) -> 0.55859702 | J37: =STDEV(J29:J35) -> 0.82220136 | ... L37: =STDEV(L29:L35) -> 1.0552088
A38: R-Ref | B38: A | C38: ='High and Diameter'!F32 -> 18.416667 | D38: ='High and Diameter'!J32 -> 6.4733333 | E38: ='High and Diameter'!K32 -> 1724.4075 | F38: ='High and Diameter'!Q32 -> 18.45 | G38: ='High and Diameter'!U32 -> 6.53 | H38: ='High and Diameter'!V32 -> 1745.8053 | I38: ='High and Diameter'!W32 -> -0.18099548 | J38: ='High and Diameter'!X32 -> -0.8753862 | K38: ='High and Diameter'!Y32 -> -1.2408764 | L38: =(20-C38)/20*100 -> 7.9166667
B39: B | C39: ='High and Diameter'!F33 -> 18.543333 | D39: ='High and Diameter'!J33 -> 6.3466667 | E39: ='High and Diameter'!K33 -> 1714.0014 | F39: ='High and Diameter'!Q33 -> 18.49 | G39: ='High and Diameter'!U33 -> 6.4833333 | H39: ='High and Diameter'!V33 -> 1740.8528 | I39: ='High and Diameter'!W33 -> 0.2876146 | J39: ='High and Diameter'!X33 -> -2.1533613 | K39: ='High and Diameter'!Y33 -> -1.5665904 | L39: =(20-C39)/20*100 -> 7.2833333
B40: C | C40: ='High and Diameter'!F34 -> 18.48 | D40: ='High and Diameter'!J34 -> 6.2266667 | E40: ='High and Diameter'!K34 -> 1670.1268 | F40: ='High and Diameter'!Q34 -> 18.52 | G40: ='High and Diameter'!U34 -> 6.2766667 | H40: ='High and Diameter'!V34 -> 1690.8338 | I40: ='High and Diameter'!W34 -> -0.21645022 | J40: ='High and Diameter'!X34 -> -0.80299786 | K40: ='High and Diameter'!Y34 -> -1.2398467 | L40: =(20-C40)/20*100 -> 7.6
B41: D | C41: ='High and Diameter'!F35 -> 18.556667 | D41: ='High and Diameter'!J35 -> 6.2566667 | E41: ='High and Diameter'!K35 -> 1692.1265 | F41: ='High and Diameter'!Q35 -> 18.506667 | G41: ='High and Diameter'!U35 -> 6.3666667 | H41: ='High and Diameter'!V35 -> 1712.6097 | I41: ='High and Diameter'!W35 -> 0.26944494 | J41: ='High and Diameter'!X35 -> -1.7581247 | K41: ='High and Diameter'!Y35 -> -1.2104992 | L41: =(20-C41)/20*100 -> 7.2166667
B42: E | C42: ='High and Diameter'!F36 -> 18.573333 | D42: ='High and Diameter'!J36 -> 6.1933333 | E42: ='High and Diameter'!K36 -> 1678.0081 | F42: ='High and Diameter'!Q36 -> 18.57 | G42: ='High and Diameter'!U36 -> 6.2533333 | H42: ='High and Diameter'!V36 -> 1693.6562 | I42: ='High and Diameter'!W36 -> 0.017946877 | J42: ='High and Diameter'!X36 -> -0.96878364 | K42: ='High and Diameter'!Y36 -> -0.9325454 | L42: =(20-C42)/20*100 -> 7.1333333
B43: F | C43: ='High and Diameter'!F37 -> 18.586667 | D43: ='High and Diameter'!J37 -> 6.2433333 | E43: ='High and Diameter'!K37 -> 1693.9845 | F43: ='High and Diameter'!Q37 -> 18.596667 | G43: ='High and Diameter'!U37 -> 6.3366667 | H43: ='High and Diameter'!V37 -> 1721.1589 | I43: ='High and Diameter'!W37 -> -0.053802009 | J43: ='High and Diameter'!X37 -> -1.4949279 | K43: ='High and Diameter'!Y37 -> -1.6041699 | L43: =(20-C43)/20*100 -> 7.0666667
B44: G | C44: ='High and Diameter'!F38 -> 18.726667 | D44: ='High and Diameter'!J38 -> 6.15 | E44: ='High and Diameter'!K38 -> 1693.8929 | F44: ='High and Diameter'!Q38 -> 18.63 | G44: ='High and Diameter'!U38 -> 6.2633333 | H44: ='High and Diameter'!V38 -> 1707.3443 | I44: ='High and Diameter'!W38 -> 0.51619794 | J44: ='High and Diameter'!X38 -> -1.8428184 | K44: ='High and Diameter'!Y38 -> -0.79411108 | L44: =(20-C44)/20*100 -> 6.3666667
A45: Average | C45: =AVERAGE(C38:C44) -> 18.554762 | D45: =AVERAGE(D38:D44) -> 6.27 | E45: =AVERAGE(E38:E44) -> 1695.2211 | F45: =AVERAGE(F38:F44) -> 18.537619 | G45: =AVERAGE(G38:G44) -> 6.3585714 | H45: =AVERAGE(H38:H44) -> 1716.0373 | I45: =AVERAGE(I38:I44) -> 0.091422379 | J45: =AVERAGE(J38:J44) -> -1.4137714 | ... L45: =AVERAGE(L38:L44) -> 7.2261905
A46: STDEV | C46: =STDEV(C38:C44) -> 0.09635692 | D46: =STDEV(D38:D44) -> 0.10821789 | E46: =STDEV(E38:E44) -> 18.900762 | F46: =STDEV(F38:F44) -> 0.063616743 | G46: =STDEV(G38:G44) -> 0.10981225 | H46: =STDEV(H38:H44) -> 21.415023 | I46: =STDEV(I38:I44) -> 0.27267303 | J46: =STDEV(J38:J44) -> 0.53496997 | ... L46: =STDEV(L38:L44) -> 0.4817846
A47: ='High and Diameter'!A39 -> Ref #6 | C47: efter 105°C | F47: efter 1050°C
B48: Prøve | C48: Diameter | D48: Height | E48: ='High and Diameter'!K40 -> Vol | F48: Diameter | G48: Height | H48: ='High and Diameter'!V40 -> Vol | I48: ='High and Diameter'!W40 -> Shrinkage D [%] | J48: ='High and Diameter'!X40 -> Shrinkage h [%] | K48: ='High and Diameter'!Y40 -> Shrinkage [%] | L48: Drying shrinkage D[%]
A49: Y-Ref | B49: A | C49: ='High and Diameter'!F41 -> 18.526667 | D49: ='High and Diameter'!J41 -> 6.2066667 | E49: ='High and Diameter'!K41 -> 1673.1808 | F49: ='High and Diameter'!Q41 -> 18.533333 | G49: ='High and Diameter'!U41 -> 6.19 | H49: ='High and Diameter'!V41 -> 1669.889 | I49: ='High and Diameter'!W41 -> -0.035984167 | J49: ='High and Diameter'!X41 -> 0.26852846 | K49: ='High and Diameter'!Y41 -> 0.19674047 | L49: =(20-C49)/20*100 -> 7.3666667
B50: B | C50: ='High and Diameter'!F42 -> 18.543333 | D50: ='High and Diameter'!J42 -> 6.1933333 | E50: ='High and Diameter'!K42 -> 1672.5917 | F50: ='High and Diameter'!Q42 -> 18.436667 | G50: ='High and Diameter'!U42 -> 6.2033333 | H50: ='High and Diameter'!V42 -> 1656.0743 | I50: ='High and Diameter'!W42 -> 0.57522919 | J50: ='High and Diameter'!X42 -> -0.16146394 | K50: ='High and Diameter'!Y42 -> 0.98753779 | L50: =(20-C50)/20*100 -> 7.2833333
B51: C | C51: ='High and Diameter'!F43 -> 18.393333 | D51: ='High and Diameter'!J43 -> 6.4033333 | E51: ='High and Diameter'!K43 -> 1701.4409 | F51: ='High and Diameter'!Q43 -> 18.283333 | G51: ='High and Diameter'!U43 -> 6.3033333 | H51: ='High and Diameter'!V43 -> 1654.8968 | I51: ='High and Diameter'!W43 -> 0.59804277 | J51: ='High and Diameter'!X43 -> 1.5616866 | K51: ='High and Diameter'!Y43 -> 2.7355724 | L51: =(20-C51)/20*100 -> 8.0333333
B52: D | C52: ='High and Diameter'!F44 -> 18.486667 | D52: ='High and Diameter'!J44 -> 6.29 | E52: ='High and Diameter'!K44 -> 1688.3316 | F52: ='High and Diameter'!Q44 -> 18.456667 | G52: ='High and Diameter'!U44 -> 6.21 | H52: ='High and Diameter'!V44 -> 1661.4528 | I52: ='High and Diameter'!W44 -> 0.16227912 | J52: ='High and Diameter'!X44 -> 1.2718601 | K52: ='High and Diameter'!Y44 -> 1.5920304 | L52: =(20-C52)/20*100 -> 7.5666667
B53: E | C53: ='High and Diameter'!F45 -> 18.536667 | D53: ='High and Diameter'!J45 -> 6.28 | E53: ='High and Diameter'!K45 -> 1694.778 | F53: ='High and Diameter'!Q45 -> 18.253333 | G53: ='High and Diameter'!U45 -> 6.22 | H53: ='High and Diameter'!V45 -> 1627.6635 | I53: ='High and Diameter'!W45 -> 1.5285021 | J53: ='High and Diameter'!X45 -> 0.95541401 | K53: ='High and Diameter'!Y45 -> 3.9600711 | L53: =(20-C53)/20*100 -> 7.3166667
B54: F | C54: ='High and Diameter'!F46 -> 18.423333 | D54: ='High and Diameter'!J46 -> 6.1566667 | E54: ='High and Diameter'!K46 -> 1641.2394 | F54: ='High and Diameter'!Q46 -> 18.32 | G54: ='High and Diameter'!U46 -> 6.0466667 | H54: ='High and Diameter'!V46 -> 1593.8845 | I54: ='High and Diameter'!W46 -> 0.56088294 | J54: ='High and Diameter'!X46 -> 1.7866811 | K54: ='High and Diameter'!Y46 -> 2.8853149 | L54: =(20-C54)/20*100 -> 7.8833333
B55: G | C55: ='High and Diameter'!F47 -> 18.506667 | D55: ='High and Diameter'!J47 -> 6.22 | E55: ='High and Diameter'!K47 -> 1673.1569 | F55: ='High and Diameter'!Q47 -> 18.283333 | G55: ='High and Diameter'!U47 -> 6.2066667 | H55: ='High and Diameter'!V47 -> 1629.5176 | I55: ='High and Diameter'!W47 -> 1.2067723 | J55: ='High and Diameter'!X47 -> 0.21436227 | K55: ='High and Diameter'!Y47 -> 2.6082014 | L55: =(20-C55)/20*100 -> 7.4666667
A56: Average | C56: =AVERAGE(C49:C55) -> 18.488095 | D56: =AVERAGE(D49:D55) -> 6.25 | E56: =AVERAGE(E49:E55) -> 1677.8171 | F56: =AVERAGE(F49:F55) -> 18.366667 | G56: =AVERAGE(G49:G55) -> 6.1971429 | H56: =AVERAGE(H49:H55) -> 1641.9112 | I56: =AVERAGE(I49:I55) -> 0.65653204 | J56: =AVERAGE(J49:J55) -> 0.84243838 | ... L56: =AVERAGE(L49:L55) -> 7.5595238
A57: STDEV | C57: =STDEV(C49:C55) -> 0.058336735 | D57: =STDEV(D49:D55) -> 0.082372236 | E57: =STDEV(E49:E55) -> 19.852595 | F57: =STDEV(F49:F55) -> 0.10777205 | G57: =STDEV(G49:G55) -> 0.076143835 | H57: =STDEV(H49:H55) -> 26.448097 | I57: =STDEV(I49:I55) -> 0.54865603 | J57: =STDEV(J49:J55) -> 0.74584973 | ... L57: =STDEV(L49:L55) -> 0.29168367
A58: R-Ref | B58: A | C58: ='High and Diameter'!F48 -> 18.5 | D58: ='High and Diameter'!J48 -> 6.16 | E58: ='High and Diameter'!K48 -> 1655.8235 | F58: ='High and Diameter'!Q48 -> 18.353333 | G58: ='High and Diameter'!U48 -> 6.2866667 | H58: ='High and Diameter'!V48 -> 1663.1837 | I58: ='High and Diameter'!W48 -> 0.79279279 | J58: ='High and Diameter'!X48 -> -2.0562771 | K58: ='High and Diameter'!Y48 -> -0.44450188 | L58: =(20-C58)/20*100 -> 7.5
B59: B | C59: ='High and Diameter'!F49 -> 18.34 | D59: ='High and Diameter'!J49 -> 6.21 | E59: ='High and Diameter'!K49 -> 1640.5148 | F59: ='High and Diameter'!Q49 -> 18.253333 | G59: ='High and Diameter'!U49 -> 6.26 | H59: ='High and Diameter'!V49 -> 1638.1308 | I59: ='High and Diameter'!W49 -> 0.47255543 | J59: ='High and Diameter'!X49 -> -0.80515298 | K59: ='High and Diameter'!Y49 -> 0.14531641 | L59: =(20-C59)/20*100 -> 8.3
B60: C | C60: ='High and Diameter'!F50 -> 18.436667 | D60: ='High and Diameter'!J50 -> 6.2533333 | E60: ='High and Diameter'!K50 -> 1669.4225 | F60: ='High and Diameter'!Q50 -> 18.32 | G60: ='High and Diameter'!U50 -> 6.3866667 | H60: ='High and Diameter'!V50 -> 1683.5076 | I60: ='High and Diameter'!W50 -> 0.63279696 | J60: ='High and Diameter'!X50 -> -2.1321962 | K60: ='High and Diameter'!Y50 -> -0.84370699 | L60: =(20-C60)/20*100 -> 7.8166667
B61: D | C61: ='High and Diameter'!F51 -> 18.996667 | D61: ='High and Diameter'!J51 -> 5.8433333 | E61: ='High and Diameter'!K51 -> 1656.1717 | F61: ='High and Diameter'!Q51 -> 18.833333 | G61: ='High and Diameter'!U51 -> 5.94 | H61: ='High and Diameter'!V51 -> 1654.7436 | I61: ='High and Diameter'!W51 -> 0.85979996 | J61: ='High and Diameter'!X51 -> -1.6543069 | K61: ='High and Diameter'!Y51 -> 0.086225632 | L61: =(20-C61)/20*100 -> 5.0166667
B62: E | C62: ='High and Diameter'!F52 -> 18.586667 | D62: ='High and Diameter'!J52 -> 6.09 | E62: ='High and Diameter'!K52 -> 1652.381 | F62: ='High and Diameter'!Q52 -> 18.38 | G62: ='High and Diameter'!U52 -> 6.24 | H62: ='High and Diameter'!V52 -> 1655.6384 | I62: ='High and Diameter'!W52 -> 1.1119082 | J62: ='High and Diameter'!X52 -> -2.4630542 | K62: ='High and Diameter'!Y52 -> -0.19713194 | L62: =(20-C62)/20*100 -> 7.0666667
B63: F | C63: ='High and Diameter'!F53 -> 18.553333 | D63: ='High and Diameter'!J53 -> 6.3533333 | E63: ='High and Diameter'!K53 -> 1717.6529 | F63: ='High and Diameter'!Q53 -> 18.446667 | G63: ='High and Diameter'!U53 -> 6.2766667 | H63: ='High and Diameter'!V53 -> 1677.4699 | I63: ='High and Diameter'!W53 -> 0.57491915 | J63: ='High and Diameter'!X53 -> 1.2067156 | K63: ='High and Diameter'!Y53 -> 2.3394132 | L63: =(20-C63)/20*100 -> 7.2333333
B64: G | C64: ='High and Diameter'!F54 -> 18.486667 | D64: ='High and Diameter'!J54 -> 6.0333333 | E64: ='High and Diameter'!K54 -> 1619.4384 | F64: ='High and Diameter'!Q54 -> 18.343333 | G64: ='High and Diameter'!U54 -> 6.1366667 | H64: ='High and Diameter'!V54 -> 1621.7314 | I64: ='High and Diameter'!W54 -> 0.77533357 | J64: ='High and Diameter'!X54 -> -1.7127072 | K64: ='High and Diameter'!Y54 -> -0.14159603 | L64: =(20-C64)/20*100 -> 7.5666667
A65: Average | C65: =AVERAGE(C58:C64) -> 18.557143 | D65: =AVERAGE(D58:D64) -> 6.1347619 | E65: =AVERAGE(E58:E64) -> 1658.7721 | F65: =AVERAGE(F58:F64) -> 18.418571 | G65: =AVERAGE(G58:G64) -> 6.2180952 | H65: =AVERAGE(H58:H64) -> 1656.3436 | I65: =AVERAGE(I58:I64) -> 0.74572944 | J65: =AVERAGE(J58:J64) -> -1.3738541 | ... L65: =AVERAGE(L58:L64) -> 7.2142857
A66: STDEV | C66: =STDEV(C58:C64) -> 0.2097479 | D66: =STDEV(D58:D64) -> 0.16600822 | E66: =STDEV(E58:E64) -> 30.3237 | F66: =STDEV(F58:F64) -> 0.19202486 | G66: =STDEV(G58:G64) -> 0.14303402 | H66: =STDEV(H58:H64) -> 21.462195 | I66: =STDEV(I58:I64) -> 0.21084918 | J66: =STDEV(J58:J64) -> 1.2518904 | ... L66: =STDEV(L58:L64) -> 1.0487395
A70: ='High and Diameter'!A58 -> SSA-Av-Raw #1 | C70: efter 105°C | F70: efter 1020°C | O70: ='High and Diameter'!AA58 -> SSA-Av-ED #1 | Q70: efter 105°C | T70: efter 1020°C
B71: Prøve | C71: Diameter | D71: Height | E71: ='High and Diameter'!K59 -> Vol | F71: Diameter | G71: Height | H71: ='High and Diameter'!V59 -> Vol | I71: ='High and Diameter'!W59 -> Shrinkage D [%] | J71: ='High and Diameter'!X59 -> Shrinkage h [%] | K71: ='High and Diameter'!Y59 -> Shrinkage [%] | L71: Drying shrinkage D[%] | P71: Prøve | Q71: Diameter | R71: Height | S71: ='High and Diameter'!AK59 -> vol | T71: Diameter | U71: Height | V71: ='High and Diameter'!AV59 -> Vol | W71: ='High and Diameter'!AW59 -> Shrinkage D [%] | X71: ='High and Diameter'!AX59 -> Shrinkage h [%] | Y71: ='High and Diameter'!AY59 -> Shrinkage [%] | Z71: Drying shrinkage D[%]
A72: Y-Av-Raw | B72: A | C72: ='High and Diameter'!F60 -> 19.093333 | D72: ='High and Diameter'!J60 -> 6.51 | E72: ='High and Diameter'!K60 -> 1863.9505 | F72: ='High and Diameter'!Q60 -> 18.88 | G72: ='High and Diameter'!U60 -> 6.5033333 | H72: ='High and Diameter'!V60 -> 1820.6643 | I72: ='High and Diameter'!W60 -> 1.1173184 | J72: ='High and Diameter'!X60 -> 0.10240655 | K72: ='High and Diameter'!Y60 -> 2.3222838 | L72: =(20-C72)/20*100 -> 4.5333333 | O72: Y-Av-ED | P72: A | Q72: ='High and Diameter'!AF60 -> 19.06 | R72: ='High and Diameter'!AJ60 -> 6.6733333 | S72: ='High and Diameter'!AK60 -> 1904.0506 | T72: ='High and Diameter'!AQ60 -> 18.663333 | U72: ='High and Diameter'!AU60 -> 6.5433333 | V72: ='High and Diameter'!AV60 -> 1790.059 | W72: ='High and Diameter'!AW60 -> 2.0811473 | X72: ='High and Diameter'!AX60 -> 1.9480519 | Y72: ='High and Diameter'!AY60 -> 5.9867948 | Z72: =(20-Q72)/20*100 -> 4.7
B73: B | C73: ='High and Diameter'!F61 -> 19.1 | D73: ='High and Diameter'!J61 -> 6.4866667 | E73: ='High and Diameter'!K61 -> 1858.5669 | F73: ='High and Diameter'!Q61 -> 18.833333 | G73: ='High and Diameter'!U61 -> 6.3833333 | H73: ='High and Diameter'!V61 -> 1778.2458 | I73: ='High and Diameter'!W61 -> 1.3961606 | J73: ='High and Diameter'!X61 -> 1.5930113 | K73: ='High and Diameter'!Y61 -> 4.3216683 | L73: =(20-C73)/20*100 -> 4.5 | P73: B | Q73: ='High and Diameter'!AF61 -> 19.11 | R73: ='High and Diameter'!AJ61 -> 6.3866667 | S73: ='High and Diameter'!AK61 -> 1831.8314 | T73: ='High and Diameter'!AQ61 -> 18.733333 | U73: ='High and Diameter'!AU61 -> 6.2633333 | V73: ='High and Diameter'!AV61 -> 1726.3368 | W73: ='High and Diameter'!AW61 -> 1.9710448 | X73: ='High and Diameter'!AX61 -> 1.9311065 | Y73: ='High and Diameter'!AY61 -> 5.7589702 | Z73: =(20-Q73)/20*100 -> 4.45
B74: C | C74: ='High and Diameter'!F62 -> 19.153333 | D74: ='High and Diameter'!J62 -> 6.27 | E74: ='High and Diameter'!K62 -> 1806.5341 | F74: ='High and Diameter'!Q62 -> 18.866667 | G74: ='High and Diameter'!U62 -> 6.21 | H74: ='High and Diameter'!V62 -> 1736.0884 | I74: ='High and Diameter'!W62 -> 1.4966934 | J74: ='High and Diameter'!X62 -> 0.9569378 | K74: ='High and Diameter'!Y62 -> 3.8994931 | L74: =(20-C74)/20*100 -> 4.2333333 | P74: C | Q74: ='High and Diameter'!AF62 -> 19.116667 | R74: ='High and Diameter'!AJ62 -> 6.7133333 | S74: ='High and Diameter'!AK62 -> 1926.8701 | T74: ='High and Diameter'!AQ62 -> 18.643333 | U74: ='High and Diameter'!AU62 -> 6.5066667 | V74: ='High and Diameter'!AV62 -> 1776.2151 | W74: ='High and Diameter'!AW62 -> 2.4760244 | X74: ='High and Diameter'!AX62 -> 3.0784508 | Y74: ='High and Diameter'!AY62 -> 7.8186336 | Z74: =(20-Q74)/20*100 -> 4.4166667
B75: D | C75: ='High and Diameter'!F63 -> 19.096667 | D75: ='High and Diameter'!J63 -> 6.54 | E75: ='High and Diameter'!K63 -> 1873.194 | F75: ='High and Diameter'!Q63 -> 18.883333 | G75: ='High and Diameter'!U63 -> 6.4333333 | H75: ='High and Diameter'!V63 -> 1801.7032 | I75: ='High and Diameter'!W63 -> 1.1171234 | J75: ='High and Diameter'!X63 -> 1.6309888 | K75: ='High and Diameter'!Y63 -> 3.8165192 | L75: =(20-C75)/20*100 -> 4.5166667 | P75: D | Q75: ='High and Diameter'!AF63 -> 18.956667 | R75: ='High and Diameter'!AJ63 -> 6.4333333 | S75: ='High and Diameter'!AK63 -> 1815.7242 | T75: ='High and Diameter'!AQ63 -> 18.616667 | U75: ='High and Diameter'!AU63 -> 6.3266667 | V75: ='High and Diameter'!AV63 -> 1722.1409 | W75: ='High and Diameter'!AW63 -> 1.7935643 | X75: ='High and Diameter'!AX63 -> 1.6580311 | Y75: ='High and Diameter'!AY63 -> 5.1540486 | Z75: =(20-Q75)/20*100 -> 5.2166667
B76: E | C76: ='High and Diameter'!F64 -> 19.063333 | D76: ='High and Diameter'!J64 -> 6.51 | E76: ='High and Diameter'!K64 -> 1858.0977 | F76: ='High and Diameter'!Q64 -> 18.85 | G76: ='High and Diameter'!U64 -> 6.4566667 | H76: ='High and Diameter'!V64 -> 1801.8596 | I76: ='High and Diameter'!W64 -> 1.1190768 | J76: ='High and Diameter'!X64 -> 0.81925243 | K76: ='High and Diameter'!Y64 -> 3.0266491 | L76: =(20-C76)/20*100 -> 4.6833333 | P76: E | Q76: ='High and Diameter'!AF64 -> 19.073333 | R76: ='High and Diameter'!AJ64 -> 6.4566667 | S76: ='High and Diameter'!AK64 -> 1844.8092 | T76: ='High and Diameter'!AQ64 -> 18.703333 | U76: ='High and Diameter'!AU64 -> 6.3566667 | V76: ='High and Diameter'!AV64 -> 1746.4548 | W76: ='High and Diameter'!AW64 -> 1.9398812 | X76: ='High and Diameter'!AX64 -> 1.5487868 | Y76: ='High and Diameter'!AY64 -> 5.3314113 | Z76: =(20-Q76)/20*100 -> 4.6333333
B77: F | C77: ='High and Diameter'!F65 -> 19.086667 | D77: ='High and Diameter'!J65 -> 6.2866667 | E77: ='High and Diameter'!K65 -> 1798.7487 | F77: ='High and Diameter'!Q65 -> 18.93 | G77: ='High and Diameter'!U65 -> 6.2866667 | H77: ='High and Diameter'!V65 -> 1769.341 | I77: ='High and Diameter'!W65 -> 0.82081732 | J77: ='High and Diameter'!X65 -> 0 | K77: ='High and Diameter'!Y65 -> 1.6348972 | L77: =(20-C77)/20*100 -> 4.5666667 | P77: F | Q77: ='High and Diameter'!AF65 -> 19.113333 | R77: ='High and Diameter'!AJ65 -> 6.5833333 | S77: ='High and Diameter'!AK65 -> 1888.8984 | T77: ='High and Diameter'!AQ65 -> 18.68 | U77: ='High and Diameter'!AU65 -> 6.4733333 | V77: ='High and Diameter'!AV65 -> 1774.0734 | W77: ='High and Diameter'!AW65 -> 2.2671782 | X77: ='High and Diameter'!AX65 -> 1.6708861 | Y77: ='High and Diameter'!AY65 -> 6.0789365 | Z77: =(20-Q77)/20*100 -> 4.4333333
B78: G | C78: ='High and Diameter'!F66 -> 21.276667 | D78: ='High and Diameter'!J66 -> 5.4366667 | E78: ='High and Diameter'!K66 -> 1932.9907 | F78: ='High and Diameter'!Q66 -> 21.08 | G78: ='High and Diameter'!U66 -> 5.3766667 | H78: ='High and Diameter'!V66 -> 1876.4812 | I78: ='High and Diameter'!W66 -> 0.92433025 | J78: ='High and Diameter'!X66 -> 1.1036174 | K78: ='High and Diameter'!Y66 -> 2.9234262 | L78: =(20-C78)/20*100 -> -6.3833333 | P78: G | Q78: ='High and Diameter'!AF66 -> 19.033333 | R78: ='High and Diameter'!AJ66 -> 6.6866667 | S78: ='High and Diameter'!AK66 -> 1902.5201 | T78: ='High and Diameter'!AQ66 -> 18.7 | U78: ='High and Diameter'!AU66 -> 6.5566667 | V78: ='High and Diameter'!AV66 -> 1800.7615 | W78: ='High and Diameter'!AW66 -> 1.7513135 | X78: ='High and Diameter'!AX66 -> 1.9441675 | Y78: ='High and Diameter'!AY66 -> 5.3486228 | Z78: =(20-Q78)/20*100 -> 4.8333333
A79: Average | C79: =AVERAGE(C72:C78) -> 19.41 | D79: =AVERAGE(D72:D78) -> 6.2914286 | E79: =AVERAGE(E72:E78) -> 1856.0118 | F79: =AVERAGE(F72:F78) -> 19.189048 | G79: =AVERAGE(G72:G78) -> 6.2357143 | H79: =AVERAGE(H72:H78) -> 1797.7691 | I79: =AVERAGE(I72:I78) -> 1.1416457 | J79: =AVERAGE(J72:J78) -> 0.88660204 | ... L79: =AVERAGE(L72:L78) -> 2.95 | O79: Average | Q79: =AVERAGE(Q72:Q78) -> 19.06619 | R79: =AVERAGE(R72:R78) -> 6.5619048 | S79: =AVERAGE(S72:S78) -> 1873.5291 | T79: =AVERAGE(T72:T78) -> 18.677143 | U79: =AVERAGE(U72:U78) -> 6.432381 | V79: =AVERAGE(V72:V78) -> 1762.2917 | W79: =AVERAGE(W72:W78) -> 2.0400219 | X79: =AVERAGE(X72:X78) -> 1.9684972 | ... Z79: =AVERAGE(Z72:Z78) -> 4.6690476
A80: STDEV | C80: =STDEV(C72:C78) -> 0.82356947 | D80: =STDEV(D72:D78) -> 0.39296997 | E80: =STDEV(E72:E78) -> 44.762323 | F80: =STDEV(F72:F78) -> 0.83438537 | G80: =STDEV(G72:G78) -> 0.39211069 | H80: =STDEV(H72:H78) -> 44.245174 | I80: =STDEV(I72:I78) -> 0.23898954 | J80: =STDEV(J72:J78) -> 0.646881 | ... L80: =STDEV(L72:L78) -> 4.1178473 | O80: STDEV | Q80: =STDEV(Q72:Q78) -> 0.057523862 | R80: =STDEV(R72:R78) -> 0.13520707 | S80: =STDEV(S72:S78) -> 42.344724 | T80: =STDEV(T72:T78) -> 0.039507551 | U80: =STDEV(U72:U78) -> 0.11578579 | V80: =STDEV(V72:V78) -> 30.928068 | W80: =STDEV(W72:W78) -> 0.2589303 | X80: =STDEV(X72:X78) -> 0.51567489 | ... Z80: =STDEV(Z72:Z78) -> 0.28761931
A81: R-Av-Raw | B81: A | C81: ='High and Diameter'!F67 -> 18.98 | D81: ='High and Diameter'!J67 -> 6.5166667 | E81: ='High and Diameter'!K67 -> 1843.7745 | F81: ='High and Diameter'!Q67 -> 18.39 | G81: ='High and Diameter'!U67 -> 6.3766667 | H81: ='High and Diameter'!V67 -> 1693.7412 | I81: ='High and Diameter'!W67 -> 3.1085353 | J81: ='High and Diameter'!X67 -> 2.1483376 | K81: ='High and Diameter'!Y67 -> 8.1372906 | L81: =(20-C81)/20*100 -> 5.1 | O81: R-Av-ED | P81: A | Q81: ='High and Diameter'!AF67 -> 18.82 | R81: ='High and Diameter'!AJ67 -> 6.6233333 | S81: ='High and Diameter'!AK67 -> 1842.4925 | T81: ='High and Diameter'!AQ67 -> 18.143333 | U81: ='High and Diameter'!AU67 -> 6.5066667 | V81: ='High and Diameter'!AV67 -> 1682.2193 | W81: ='High and Diameter'!AW67 -> 3.5954658 | X81: ='High and Diameter'!AX67 -> 1.7614494 | Y81: ='High and Diameter'!AY67 -> 8.6987198 | Z81: =(20-Q81)/20*100 -> 5.9
B82: B | C82: ='High and Diameter'!F68 -> 19.053333 | D82: ='High and Diameter'!J68 -> 6.3466667 | E82: ='High and Diameter'!K68 -> 1809.5788 | F82: ='High and Diameter'!Q68 -> 18.46 | G82: ='High and Diameter'!U68 -> 6.15 | H82: ='High and Diameter'!V68 -> 1645.9945 | I82: ='High and Diameter'!W68 -> 3.1140658 | J82: ='High and Diameter'!X68 -> 3.0987395 | K82: ='High and Diameter'!Y68 -> 9.0399084 | L82: =(20-C82)/20*100 -> 4.7333333 | P82: B | Q82: ='High and Diameter'!AF68 -> 18.85 | R82: ='High and Diameter'!AJ68 -> 6.6133333 | S82: ='High and Diameter'!AK68 -> 1845.5805 | T82: ='High and Diameter'!AQ68 -> 18.14 | U82: ='High and Diameter'!AU68 -> 6.4833333 | V82: ='High and Diameter'!AV68 -> 1675.5709 | W82: ='High and Diameter'!AW68 -> 3.7665782 | X82: ='High and Diameter'!AX68 -> 1.9657258 | Y82: ='High and Diameter'!AY68 -> 9.2117188 | Z82: =(20-Q82)/20*100 -> 5.75
B83: C | C83: ='High and Diameter'!F69 -> 19.013333 | D83: ='High and Diameter'!J69 -> 6.5 | E83: ='High and Diameter'!K69 -> 1845.5243 | F83: ='High and Diameter'!Q69 -> 18.39 | G83: ='High and Diameter'!U69 -> 6.31 | H83: ='High and Diameter'!V69 -> 1676.0335 | I83: ='High and Diameter'!W69 -> 3.2784011 | J83: ='High and Diameter'!X69 -> 2.9230769 | K83: ='High and Diameter'!Y69 -> 9.1838814 | L83: =(20-C83)/20*100 -> 4.9333333 | P83: C | Q83: ='High and Diameter'!AF69 -> 18.85 | R83: ='High and Diameter'!AJ69 -> 6.49 | S83: ='High and Diameter'!AK69 -> 1811.162 | T83: ='High and Diameter'!AQ69 -> 18.18 | U83: ='High and Diameter'!AU69 -> 6.3733333 | V83: ='High and Diameter'!AV69 -> 1654.4143 | W83: ='High and Diameter'!AW69 -> 3.5543767 | X83: ='High and Diameter'!AX69 -> 1.7976374 | Y83: ='High and Diameter'!AY69 -> 8.6545362 | Z83: =(20-Q83)/20*100 -> 5.75
B84: D | C84: ='High and Diameter'!F70 -> 18.953333 | D84: ='High and Diameter'!J70 -> 6.3433333 | E84: ='High and Diameter'!K70 -> 1789.6933 | F84: ='High and Diameter'!Q70 -> 18.436667 | G84: ='High and Diameter'!U70 -> 6.1633333 | H84: ='High and Diameter'!V70 -> 1645.3957 | I84: ='High and Diameter'!W70 -> 2.7259937 | J84: ='High and Diameter'!X70 -> 2.8376248 | K84: ='High and Diameter'!Y70 -> 8.0627034 | L84: =(20-C84)/20*100 -> 5.2333333 | P84: D | Q84: ='High and Diameter'!AF70 -> 18.953333 | R84: ='High and Diameter'!AJ70 -> 6.3633333 | S84: ='High and Diameter'!AK70 -> 1795.3361 | T84: ='High and Diameter'!AQ70 -> 18.24 | U84: ='High and Diameter'!AU70 -> 6.2533333 | V84: ='High and Diameter'!AV70 -> 1633.9965 | W84: ='High and Diameter'!AW70 -> 3.76363 | X84: ='High and Diameter'!AX70 -> 1.7286537 | Y84: ='High and Diameter'!AY70 -> 8.9865929 | Z84: =(20-Q84)/20*100 -> 5.2333333
B85: E | C85: ='High and Diameter'!F71 -> 18.973333 | D85: ='High and Diameter'!J71 -> 6.4433333 | E85: ='High and Diameter'!K71 -> 1821.7457 | F85: ='High and Diameter'!Q71 -> 18.456667 | G85: ='High and Diameter'!U71 -> 6.29 | H85: ='High and Diameter'!V71 -> 1682.8564 | I85: ='High and Diameter'!W71 -> 2.7231202 | J85: ='High and Diameter'!X71 -> 2.3797206 | K85: ='High and Diameter'!Y71 -> 7.6239665 | L85: =(20-C85)/20*100 -> 5.1333333 | P85: E | Q85: ='High and Diameter'!AF71 -> 18.753333 | R85: ='High and Diameter'!AJ71 -> 6.5566667 | S85: ='High and Diameter'!AK71 -> 1811.0479 | T85: ='High and Diameter'!AQ71 -> 18.043333 | U85: ='High and Diameter'!AU71 -> 6.42 | V85: ='High and Diameter'!AV71 -> 1641.5664 | W85: ='High and Diameter'!AW71 -> 3.7859936 | X85: ='High and Diameter'!AX71 -> 2.0843925 | Y85: ='High and Diameter'!AY71 -> 9.3582 | Z85: =(20-Q85)/20*100 -> 6.2333333
B86: F | C86: ='High and Diameter'!F72 -> 19.056667 | D86: ='High and Diameter'!J72 -> 6.44 | E86: ='High and Diameter'!K72 -> 1836.8328 | F86: ='High and Diameter'!Q72 -> 18.49 | G86: ='High and Diameter'!U72 -> 6.3433333 | H86: ='High and Diameter'!V72 -> 1703.2611 | I86: ='High and Diameter'!W72 -> 2.9735875 | J86: ='High and Diameter'!X72 -> 1.5010352 | K86: ='High and Diameter'!Y72 -> 7.2718461 | L86: =(20-C86)/20*100 -> 4.7166667 | P86: F | Q86: ='High and Diameter'!AF72 -> 18.9 | R86: ='High and Diameter'!AJ72 -> 6.4466667 | S86: ='High and Diameter'!AK72 -> 1808.6257 | T86: ='High and Diameter'!AQ72 -> 18.253333 | U86: ='High and Diameter'!AU72 -> 6.3333333 | V86: ='High and Diameter'!AV72 -> 1657.3209 | W86: ='High and Diameter'!AW72 -> 3.4215168 | X86: ='High and Diameter'!AX72 -> 1.7580145 | Y86: ='High and Diameter'!AY72 -> 8.3657368 | Z86: =(20-Q86)/20*100 -> 5.5
B87: G | C87: ='High and Diameter'!F73 -> 19.073333 | D87: ='High and Diameter'!J73 -> 6.33 | E87: ='High and Diameter'!K73 -> 1808.6178 | F87: ='High and Diameter'!Q73 -> 18.506667 | G87: ='High and Diameter'!U73 -> 6.1833333 | H87: ='High and Diameter'!V73 -> 1663.2937 | I87: ='High and Diameter'!W73 -> 2.9709892 | J87: ='High and Diameter'!X73 -> 2.317009 | K87: ='High and Diameter'!Y73 -> 8.0350885 | L87: =(20-C87)/20*100 -> 4.6333333 | P87: G | Q87: ='High and Diameter'!AF73 -> 18.806667 | R87: ='High and Diameter'!AJ73 -> 6.46 | S87: ='High and Diameter'!AK73 -> 1794.5107 | T87: ='High and Diameter'!AQ73 -> 18.253333 | U87: ='High and Diameter'!AU73 -> 6.3433333 | V87: ='High and Diameter'!AV73 -> 1659.9377 | W87: ='High and Diameter'!AW73 -> 2.9422191 | X87: ='High and Diameter'!AX73 -> 1.8059856 | Y87: ='High and Diameter'!AY73 -> 7.4991484 | Z87: =(20-Q87)/20*100 -> 5.9666667
A88: Average | C88: =AVERAGE(C81:C87) -> 19.014762 | D88: =AVERAGE(D81:D87) -> 6.4171429 | E88: =AVERAGE(E81:E87) -> 1822.2524 | F88: =AVERAGE(F81:F87) -> 18.447143 | G88: =AVERAGE(G81:G87) -> 6.2595238 | H88: =AVERAGE(H81:H87) -> 1672.9395 | I88: =AVERAGE(I81:I87) -> 2.9849561 | J88: =AVERAGE(J81:J87) -> 2.4579348 | ... L88: =AVERAGE(L81:L87) -> 4.9261905 | O88: Average | Q88: =AVERAGE(Q81:Q87) -> 18.847619 | R88: =AVERAGE(R81:R87) -> 6.507619 | S88: =AVERAGE(S81:S87) -> 1815.5365 | T88: =AVERAGE(T81:T87) -> 18.179048 | U88: =AVERAGE(U81:U87) -> 6.387619 | V88: =AVERAGE(V81:V87) -> 1657.8608 | W88: =AVERAGE(W81:W87) -> 3.5471114 | X88: =AVERAGE(X81:X87) -> 1.8431227 | ... Z88: =AVERAGE(Z81:Z87) -> 5.7619048
A89: STDEV | C89: =STDEV(C81:C87) -> 0.047213351 | D89: =STDEV(D81:D87) -> 0.077446004 | E89: =STDEV(E81:E87) -> 20.913485 | F89: =STDEV(F81:F87) -> 0.045233082 | G89: =STDEV(G81:G87) -> 0.09244475 | H89: =STDEV(H81:H87) -> 22.500988 | I89: =STDEV(I81:I87) -> 0.20574864 | J89: =STDEV(J81:J87) -> 0.54903509 | ... L89: =STDEV(L81:L87) -> 0.23606676 | O89: STDEV | Q89: =STDEV(Q81:Q87) -> 0.064884921 | R89: =STDEV(R81:R87) -> 0.094940806 | S89: =STDEV(S81:S87) -> 20.68194 | T89: =STDEV(T81:T87) -> 0.077428923 | U89: =STDEV(U81:U87) -> 0.089000921 | V89: =STDEV(V81:V87) -> 17.119554 | W89: =STDEV(W81:W87) -> 0.29893432 | X89: =STDEV(X81:X87) -> 0.13147103 | ... Z89: =STDEV(Z81:Z87) -> 0.3244246
A90: ='High and Diameter'!A74 -> SSA-Av-Raw #2 | C90: efter 105°C | F90: efter 1030°C | O90: ='High and Diameter'!AA74 -> SSA-Av-ED #2 | Q90: efter 105°C | T90: efter 1030°C
B91: Prøve | C91: Diameter | D91: Height | E91: ='High and Diameter'!K75 -> Vol | F91: Diameter | G91: Height | H91: ='High and Diameter'!V75 -> Vol | I91: ='High and Diameter'!W75 -> Shrinkage D [%] | J91: ='High and Diameter'!X75 -> Shrinkage h [%] | K91: ='High and Diameter'!Y75 -> Shrinkage [%] | L91: Drying shrinkage D[%] | P91: Prøve | Q91: Diameter | R91: Height | S91: ='High and Diameter'!AK75 -> vol | T91: Diameter | U91: Height | V91: ='High and Diameter'!AV75 -> Vol | W91: ='High and Diameter'!AW75 -> Shrinkage D [%] | X91: ='High and Diameter'!AX75 -> Shrinkage h [%] | Y91: ='High and Diameter'!AY75 -> Shrinkage [%] | Z91: Drying shrinkage D[%]
A92: Y-Av-Raw | B92: A | C92: ='High and Diameter'!F76 -> 18.993333 | D92: ='High and Diameter'!J76 -> 6.33 | E92: ='High and Diameter'!K76 -> 1793.4777 | F92: ='High and Diameter'!Q76 -> 18.703333 | G92: ='High and Diameter'!U76 -> 6.3466667 | H92: ='High and Diameter'!V76 -> 1743.7074 | I92: ='High and Diameter'!W76 -> 1.5268515 | J92: ='High and Diameter'!X76 -> -0.26329647 | K92: ='High and Diameter'!Y76 -> 2.7750727 | L92: =(20-C92)/20*100 -> 5.0333333 | O92: Y-Av-ED | P92: A | Q92: ='High and Diameter'!AF76 -> 19.063333 | R92: ='High and Diameter'!AJ76 -> 6.4266667 | S92: ='High and Diameter'!AK76 -> 1834.3126 | T92: ='High and Diameter'!AQ76 -> 18.47 | U92: ='High and Diameter'!AU76 -> 6.2166667 | V92: ='High and Diameter'!AV76 -> 1665.6404 | W92: ='High and Diameter'!AW76 -> 3.1124322 | X92: ='High and Diameter'!AX76 -> 3.2676349 | Y92: ='High and Diameter'!AY76 -> 9.1953866 | Z92: =(20-Q92)/20*100 -> 4.6833333
